emergency_id,severity,nearest_eta,severity_greedy_eta,optimizer_eta,nearest_weighted_cost,severity_greedy_weighted_cost,optimizer_weighted_cost
E1757,HIGH,5.67,5.67,5.67,14.175,14.175,14.175
E9102,MEDIUM,4.45,4.45,4.45,6.675000000000001,6.675000000000001,6.675000000000001
E3594,CRITICAL,11.403333333333334,11.403333333333334,11.403333333333334,45.61333333333334,45.61333333333334,45.61333333333334
E4540,LOW,4.275,9.426666666666668,4.275,4.275,9.426666666666668,4.275
E8484,CRITICAL,7.465,7.465,7.465,29.86,29.86,29.86
E2130,CRITICAL,10.978333333333333,10.413333333333332,10.978333333333333,43.913333333333334,41.65333333333333,43.913333333333334
E5573,CRITICAL,1.4766666666666666,1.4766666666666666,1.4766666666666666,5.906666666666666,5.906666666666666,5.906666666666666
E4000,CRITICAL,12.816666666666666,12.816666666666666,12.816666666666666,51.266666666666666,51.266666666666666,51.266666666666666
E7726,MEDIUM,17.77,17.77,17.77,26.655,26.655,26.655
E6754,HIGH,2.9733333333333336,2.9733333333333336,2.9733333333333336,7.433333333333334,7.433333333333334,7.433333333333334
E9357,HIGH,4.515,4.515,4.515,11.2875,11.2875,11.2875
E8786,LOW,18.66166666666667,18.66166666666667,18.66166666666667,18.66166666666667,18.66166666666667,18.66166666666667
E9201,LOW,5.953333333333333,5.953333333333333,5.953333333333333,5.953333333333333,5.953333333333333,5.953333333333333
E5166,LOW,6.433333333333334,6.433333333333334,6.433333333333334,6.433333333333334,6.433333333333334,6.433333333333334
E6918,LOW,12.286666666666667,12.286666666666667,12.286666666666667,12.286666666666667,12.286666666666667,12.286666666666667
E5715,MEDIUM,6.626666666666667,6.626666666666667,6.626666666666667,9.940000000000001,9.940000000000001,9.940000000000001
E6512,HIGH,8.338333333333333,17.011666666666667,8.338333333333333,20.84583333333333,42.52916666666667,20.84583333333333
E8105,CRITICAL,12.125,10.47,12.125,48.5,41.88,48.5
E5616,MEDIUM,9.145000000000001,9.145000000000001,9.336666666666668,13.717500000000001,13.717500000000001,14.005000000000003
E4745,LOW,14.771666666666667,14.771666666666667,12.881666666666666,14.771666666666667,14.771666666666667,12.881666666666666
E6438,HIGH,12.3,12.3,12.3,30.75,30.75,30.75
E8478,LOW,3.08,6.076666666666667,3.08,3.08,6.076666666666667,3.08
E1459,HIGH,12.583333333333334,10.745000000000001,12.583333333333334,31.458333333333336,26.862500000000004,31.458333333333336
E3715,LOW,4.611666666666666,11.393333333333334,4.611666666666666,4.611666666666666,11.393333333333334,4.611666666666666
E5446,HIGH,8.913333333333332,8.913333333333332,8.913333333333332,22.28333333333333,22.28333333333333,22.28333333333333
E3617,HIGH,12.03,12.03,12.03,30.075,30.075,30.075
E5283,HIGH,14.370000000000001,14.370000000000001,14.370000000000001,35.925000000000004,35.925000000000004,35.925000000000004
E6648,MEDIUM,5.786666666666666,13.496666666666666,5.786666666666666,8.68,20.244999999999997,8.68
E9377,HIGH,11.481666666666666,8.175,11.481666666666666,28.704166666666666,20.4375,28.704166666666666
E1268,LOW,4.473333333333333,4.473333333333333,4.473333333333333,4.473333333333333,4.473333333333333,4.473333333333333
E7014,MEDIUM,2.7783333333333333,12.773333333333333,12.773333333333333,4.1675,19.16,19.16
E9387,HIGH,10.85,2.8766666666666665,2.8766666666666665,27.125,7.191666666666666,7.191666666666666
E1571,MEDIUM,6.861666666666666,6.861666666666666,6.861666666666666,10.2925,10.2925,10.2925
E7781,LOW,8.511666666666667,8.511666666666667,8.511666666666667,8.511666666666667,8.511666666666667,8.511666666666667
E4505,LOW,4.496666666666667,9.021666666666667,9.021666666666667,4.496666666666667,9.021666666666667,9.021666666666667
E4800,CRITICAL,7.6033333333333335,2.316666666666667,2.316666666666667,30.413333333333334,9.266666666666667,9.266666666666667
E4947,CRITICAL,6.98,6.98,6.98,27.92,27.92,27.92
E4461,MEDIUM,9.881666666666666,9.881666666666666,9.881666666666666,14.822499999999998,14.822499999999998,14.822499999999998
E4219,CRITICAL,8.471666666666668,8.471666666666668,8.471666666666668,33.88666666666667,33.88666666666667,33.88666666666667
E8840,LOW,14.471666666666666,16.098333333333333,16.098333333333333,14.471666666666666,16.098333333333333,16.098333333333333
E5984,HIGH,5.260000000000001,5.260000000000001,5.260000000000001,13.150000000000002,13.150000000000002,13.150000000000002
E3633,CRITICAL,9.358333333333333,5.22,5.22,37.43333333333333,20.88,20.88
E7101,CRITICAL,4.155,4.155,4.155,16.62,16.62,16.62
E1477,LOW,8.368333333333334,16.493333333333332,8.368333333333334,8.368333333333334,16.493333333333332,8.368333333333334
E4373,CRITICAL,9.046666666666665,8.281666666666666,9.046666666666665,36.18666666666666,33.126666666666665,36.18666666666666
E9163,MEDIUM,7.343333333333334,7.343333333333334,7.343333333333334,11.015,11.015,11.015
E2213,CRITICAL,7.97,7.97,9.854999999999999,31.88,31.88,39.419999999999995
E6353,HIGH,9.548333333333334,9.548333333333334,5.3966666666666665,23.870833333333334,23.870833333333334,13.491666666666667
E1083,LOW,18.46833333333333,20.391666666666666,22.376666666666665,18.46833333333333,20.391666666666666,22.376666666666665
E7865,CRITICAL,11.848333333333333,9.925,9.925,47.39333333333333,39.7,39.7
E8104,LOW,9.696666666666665,9.696666666666665,2.5816666666666666,9.696666666666665,9.696666666666665,2.5816666666666666
E6018,MEDIUM,16.321666666666665,18.303333333333335,18.303333333333335,24.482499999999998,27.455000000000002,27.455000000000002
E2083,CRITICAL,6.598333333333333,6.598333333333333,6.598333333333333,26.39333333333333,26.39333333333333,26.39333333333333
E5628,HIGH,13.728333333333333,11.746666666666666,11.746666666666666,34.32083333333333,29.366666666666667,29.366666666666667
E6329,HIGH,10.551666666666668,10.551666666666668,10.551666666666668,26.37916666666667,26.37916666666667,26.37916666666667
E7541,LOW,8.47,10.256666666666666,10.256666666666666,8.47,10.256666666666666,10.256666666666666
E5291,CRITICAL,12.096666666666666,11.318333333333333,11.318333333333333,48.38666666666666,45.27333333333333,45.27333333333333
E7082,HIGH,5.4366666666666665,5.4366666666666665,5.4366666666666665,13.591666666666667,13.591666666666667,13.591666666666667
E5485,LOW,13.425,13.556666666666667,13.556666666666667,13.425,13.556666666666667,13.556666666666667
E5437,HIGH,19.316666666666666,10.728333333333333,10.728333333333333,48.291666666666664,26.820833333333333,26.820833333333333
E9859,CRITICAL,10.486666666666668,10.486666666666668,10.764999999999999,41.94666666666667,41.94666666666667,43.059999999999995
E1936,MEDIUM,8.698333333333332,9.701666666666666,8.698333333333332,13.0475,14.552499999999998,13.0475
E9972,HIGH,17.88,14.226666666666667,10.781666666666666,44.699999999999996,35.56666666666666,26.954166666666666
E2714,LOW,5.495,6.051666666666667,6.051666666666667,5.495,6.051666666666667,6.051666666666667
E2248,HIGH,7.691666666666666,7.691666666666666,7.691666666666666,19.229166666666664,19.229166666666664,19.229166666666664
E9661,HIGH,6.9399999999999995,4.85,4.85,17.349999999999998,12.125,12.125
E8377,CRITICAL,3.6166666666666667,3.6166666666666667,3.6166666666666667,14.466666666666667,14.466666666666667,14.466666666666667
E4078,MEDIUM,6.946666666666667,6.946666666666667,7.1433333333333335,10.420000000000002,10.420000000000002,10.715
E3712,MEDIUM,7.4783333333333335,7.4783333333333335,3.0133333333333336,11.217500000000001,11.217500000000001,4.5200000000000005
E8822,CRITICAL,6.23,6.23,6.23,24.92,24.92,24.92
E1177,HIGH,3.4066666666666667,3.4066666666666667,3.4066666666666667,8.516666666666667,8.516666666666667,8.516666666666667
E6325,LOW,6.02,6.02,6.02,6.02,6.02,6.02
E6038,MEDIUM,4.536666666666666,4.536666666666666,4.536666666666666,6.805,6.805,6.805
E5238,LOW,3.4883333333333337,3.4883333333333337,3.4883333333333337,3.4883333333333337,3.4883333333333337,3.4883333333333337
E5518,LOW,13.901666666666667,13.901666666666667,13.901666666666667,13.901666666666667,13.901666666666667,13.901666666666667
E6110,LOW,3.7866666666666666,3.7866666666666666,3.7866666666666666,3.7866666666666666,3.7866666666666666,3.7866666666666666
E6435,HIGH,1.9166666666666667,1.9166666666666667,1.9166666666666667,4.791666666666667,4.791666666666667,4.791666666666667
E7333,HIGH,5.301666666666667,5.301666666666667,5.301666666666667,13.254166666666666,13.254166666666666,13.254166666666666
E8210,CRITICAL,8.105,8.105,8.105,32.42,32.42,32.42
E3805,MEDIUM,15.151666666666667,15.151666666666667,15.151666666666667,22.7275,22.7275,22.7275
E3953,LOW,7.766666666666667,7.766666666666667,7.766666666666667,7.766666666666667,7.766666666666667,7.766666666666667
E1455,LOW,9.708333333333334,14.126666666666667,14.393333333333334,9.708333333333334,14.126666666666667,14.393333333333334
E4938,MEDIUM,9.321666666666665,0.5433333333333333,0.5433333333333333,13.982499999999998,0.815,0.815
E1755,LOW,12.685,12.685,10.368333333333334,12.685,12.685,10.368333333333334
E3175,LOW,5.623333333333333,8.49,5.623333333333333,5.623333333333333,8.49,5.623333333333333
E4498,CRITICAL,4.861666666666666,4.861666666666666,4.861666666666666,19.446666666666665,19.446666666666665,19.446666666666665
E3746,MEDIUM,14.9,13.778333333333334,14.9,22.35,20.6675,22.35
E9450,HIGH,12.533333333333333,14.173333333333334,14.173333333333334,31.333333333333332,35.43333333333334,35.43333333333334
E8789,CRITICAL,10.553333333333335,7.716666666666667,7.716666666666667,42.21333333333334,30.866666666666667,30.866666666666667
E6271,HIGH,16.421666666666667,16.421666666666667,16.421666666666667,41.05416666666667,41.05416666666667,41.05416666666667
E3391,CRITICAL,15.648333333333333,15.648333333333333,15.768333333333334,62.593333333333334,62.593333333333334,63.07333333333334
E6833,MEDIUM,6.975,6.975,3.9633333333333334,10.462499999999999,10.462499999999999,5.945
E1289,LOW,5.8966666666666665,5.8966666666666665,3.691666666666667,5.8966666666666665,5.8966666666666665,3.691666666666667
E5825,HIGH,6.996666666666667,12.264999999999999,6.996666666666667,17.491666666666667,30.662499999999998,17.491666666666667
E1768,LOW,16.53666666666667,18.783333333333335,18.783333333333335,16.53666666666667,18.783333333333335,18.783333333333335
E6626,CRITICAL,11.721666666666666,7.288333333333333,9.641666666666667,46.88666666666666,29.153333333333332,38.56666666666667
E3767,LOW,5.763333333333334,8.065,8.065,5.763333333333334,8.065,8.065
E5712,LOW,8.551666666666668,10.426666666666668,10.426666666666668,8.551666666666668,10.426666666666668,10.426666666666668
E3398,CRITICAL,5.013333333333334,2.6633333333333336,2.6633333333333336,20.053333333333335,10.653333333333334,10.653333333333334
E5880,LOW,6.23,6.23,6.23,6.23,6.23,6.23
E2480,CRITICAL,7.735,7.735,7.735,30.94,30.94,30.94
E6543,LOW,3.3133333333333335,3.3133333333333335,3.3133333333333335,3.3133333333333335,3.3133333333333335,3.3133333333333335
E2307,MEDIUM,14.728333333333333,14.728333333333333,14.728333333333333,22.0925,22.0925,22.0925
E7476,CRITICAL,3.2633333333333336,3.2633333333333336,3.2633333333333336,13.053333333333335,13.053333333333335,13.053333333333335
E8089,CRITICAL,11.34,11.34,11.34,45.36,45.36,45.36
E9923,LOW,10.823333333333332,10.823333333333332,10.823333333333332,10.823333333333332,10.823333333333332,10.823333333333332
E9516,HIGH,7.538333333333333,7.538333333333333,7.538333333333333,18.84583333333333,18.84583333333333,18.84583333333333
E6546,CRITICAL,7.363333333333333,7.363333333333333,7.363333333333333,29.453333333333333,29.453333333333333,29.453333333333333
E1930,MEDIUM,6.91,6.91,6.91,10.365,10.365,10.365
E2571,MEDIUM,19.685,19.685,19.685,29.527499999999996,29.527499999999996,29.527499999999996
E5232,HIGH,10.211666666666668,10.211666666666668,10.211666666666668,25.52916666666667,25.52916666666667,25.52916666666667
E6967,HIGH,8.608333333333333,8.608333333333333,8.608333333333333,21.520833333333332,21.520833333333332,21.520833333333332
E2337,LOW,14.061666666666667,17.973333333333336,17.973333333333336,14.061666666666667,17.973333333333336,17.973333333333336
E5879,HIGH,9.708333333333334,5.03,5.03,24.270833333333336,12.575000000000001,12.575000000000001
E3684,HIGH,5.11,5.11,5.11,12.775,12.775,12.775
E9388,MEDIUM,14.231666666666666,14.231666666666666,14.231666666666666,21.347499999999997,21.347499999999997,21.347499999999997
E9238,HIGH,8.935,8.935,8.935,22.337500000000002,22.337500000000002,22.337500000000002
E2869,MEDIUM,4.788333333333333,4.788333333333333,4.788333333333333,7.182499999999999,7.182499999999999,7.182499999999999
E5670,LOW,5.92,5.92,5.92,5.92,5.92,5.92
E3870,HIGH,8.668333333333333,8.668333333333333,8.668333333333333,21.670833333333334,21.670833333333334,21.670833333333334
E1539,HIGH,4.613333333333333,4.613333333333333,4.613333333333333,11.533333333333333,11.533333333333333,11.533333333333333
E2885,LOW,12.213333333333333,12.213333333333333,12.213333333333333,12.213333333333333,12.213333333333333,12.213333333333333
E3767,HIGH,11.03,11.03,11.03,27.575,27.575,27.575
E3637,LOW,6.645,9.85,12.293333333333333,6.645,9.85,12.293333333333333
E1180,LOW,5.536666666666666,20.295,5.536666666666666,5.536666666666666,20.295,5.536666666666666
E8930,CRITICAL,13.746666666666666,7.72,7.72,54.986666666666665,30.88,30.88
E7876,LOW,8.47,8.47,8.47,8.47,8.47,8.47
E3042,LOW,5.818333333333333,5.818333333333333,5.818333333333333,5.818333333333333,5.818333333333333,5.818333333333333
E4502,LOW,11.921666666666665,11.921666666666665,11.921666666666665,11.921666666666665,11.921666666666665,11.921666666666665
E5274,MEDIUM,10.068333333333333,10.068333333333333,10.068333333333333,15.1025,15.1025,15.1025
E7405,HIGH,6.901666666666667,6.901666666666667,6.901666666666667,17.25416666666667,17.25416666666667,17.25416666666667
E1789,CRITICAL,3.1566666666666667,3.1566666666666667,3.1566666666666667,12.626666666666667,12.626666666666667,12.626666666666667
E1396,CRITICAL,4.713333333333334,4.713333333333334,4.713333333333334,18.853333333333335,18.853333333333335,18.853333333333335
E3601,CRITICAL,7.013333333333334,7.013333333333334,7.013333333333334,28.053333333333335,28.053333333333335,28.053333333333335
E4205,CRITICAL,15.165,15.165,15.165,60.66,60.66,60.66
E3931,HIGH,4.763333333333334,4.763333333333334,4.763333333333334,11.908333333333335,11.908333333333335,11.908333333333335
E8316,LOW,8.610000000000001,8.610000000000001,8.610000000000001,8.610000000000001,8.610000000000001,8.610000000000001
E1871,MEDIUM,12.620000000000001,12.620000000000001,12.620000000000001,18.93,18.93,18.93
E6423,HIGH,5.666666666666667,5.666666666666667,5.666666666666667,14.166666666666668,14.166666666666668,14.166666666666668
E6472,HIGH,18.381666666666668,18.381666666666668,18.381666666666668,45.954166666666666,45.954166666666666,45.954166666666666
E9145,CRITICAL,5.155,5.155,5.155,20.62,20.62,20.62
E8597,MEDIUM,1.85,1.85,1.85,2.7750000000000004,2.7750000000000004,2.7750000000000004
E7264,CRITICAL,8.181666666666667,8.181666666666667,8.181666666666667,32.72666666666667,32.72666666666667,32.72666666666667
E2365,CRITICAL,0.5616666666666668,0.5616666666666668,0.5616666666666668,2.246666666666667,2.246666666666667,2.246666666666667
E5935,LOW,8.158333333333333,8.158333333333333,8.158333333333333,8.158333333333333,8.158333333333333,8.158333333333333
E1829,LOW,15.358333333333333,15.358333333333333,15.358333333333333,15.358333333333333,15.358333333333333,15.358333333333333
E8161,CRITICAL,13.928333333333335,13.928333333333335,13.928333333333335,55.71333333333334,55.71333333333334,55.71333333333334
E9552,MEDIUM,4.555000000000001,4.555000000000001,4.555000000000001,6.832500000000001,6.832500000000001,6.832500000000001
E2931,CRITICAL,7.8100000000000005,7.8100000000000005,7.8100000000000005,31.240000000000002,31.240000000000002,31.240000000000002
E8414,HIGH,6.178333333333333,6.178333333333333,6.178333333333333,15.445833333333333,15.445833333333333,15.445833333333333
E5540,HIGH,6.605,6.605,6.605,16.512500000000003,16.512500000000003,16.512500000000003
E5072,MEDIUM,5.963333333333334,5.963333333333334,5.963333333333334,8.945,8.945,8.945
E9254,MEDIUM,14.748333333333333,14.748333333333333,14.748333333333333,22.1225,22.1225,22.1225
E3690,CRITICAL,9.083333333333334,9.083333333333334,9.083333333333334,36.333333333333336,36.333333333333336,36.333333333333336
E7798,HIGH,10.065,10.065,10.065,25.162499999999998,25.162499999999998,25.162499999999998
E6487,LOW,18.685,18.685,18.685,18.685,18.685,18.685
E5559,HIGH,10.046666666666665,10.046666666666665,10.046666666666665,25.116666666666664,25.116666666666664,25.116666666666664
E9709,MEDIUM,7.711666666666667,7.711666666666667,7.711666666666667,11.5675,11.5675,11.5675
E3075,CRITICAL,9.206666666666667,9.206666666666667,9.206666666666667,36.82666666666667,36.82666666666667,36.82666666666667
E6810,MEDIUM,5.033333333333333,5.033333333333333,5.033333333333333,7.55,7.55,7.55
E2353,MEDIUM,3.93,3.93,3.93,5.8950000000000005,5.8950000000000005,5.8950000000000005
E7886,HIGH,11.425,11.425,11.425,28.5625,28.5625,28.5625
E9386,MEDIUM,4.696666666666667,4.696666666666667,4.696666666666667,7.045000000000001,7.045000000000001,7.045000000000001
E3346,CRITICAL,2.0166666666666666,2.0166666666666666,2.0166666666666666,8.066666666666666,8.066666666666666,8.066666666666666
E2569,HIGH,3.67,3.67,3.67,9.175,9.175,9.175
E3213,LOW,9.055,9.203333333333335,9.203333333333335,9.055,9.203333333333335,9.203333333333335
E2873,CRITICAL,8.991666666666667,8.991666666666667,8.991666666666667,35.96666666666667,35.96666666666667,35.96666666666667
E6369,CRITICAL,12.248333333333333,6.658333333333333,6.658333333333333,48.99333333333333,26.633333333333333,26.633333333333333
E7768,CRITICAL,4.221666666666667,4.221666666666667,4.221666666666667,16.886666666666667,16.886666666666667,16.886666666666667
E4733,MEDIUM,11.348333333333333,11.348333333333333,11.348333333333333,17.0225,17.0225,17.0225
E8639,CRITICAL,5.816666666666666,5.816666666666666,5.816666666666666,23.266666666666666,23.266666666666666,23.266666666666666
E1691,CRITICAL,0.44166666666666665,0.44166666666666665,0.44166666666666665,1.7666666666666666,1.7666666666666666,1.7666666666666666
E8928,HIGH,10.218333333333334,10.218333333333334,10.218333333333334,25.545833333333334,25.545833333333334,25.545833333333334
E7901,CRITICAL,10.945,10.945,10.945,43.78,43.78,43.78
E6372,CRITICAL,10.518333333333334,10.518333333333334,10.901666666666667,42.07333333333334,42.07333333333334,43.60666666666667
E7651,HIGH,9.236666666666668,12.593333333333334,12.593333333333334,23.09166666666667,31.483333333333334,31.483333333333334
E2368,CRITICAL,12.361666666666668,4.115,2.765,49.44666666666667,16.46,11.06
E9693,MEDIUM,5.151666666666667,10.379999999999999,5.151666666666667,7.727500000000001,15.569999999999999,7.727500000000001
E4878,HIGH,10.538333333333332,10.538333333333332,10.558333333333334,26.34583333333333,26.34583333333333,26.395833333333336
E1429,HIGH,8.85,6.761666666666667,4.498333333333333,22.125,16.90416666666667,11.245833333333334
E7872,MEDIUM,6.55,6.55,6.55,9.825,9.825,9.825
E4465,MEDIUM,11.115,11.115,11.115,16.6725,16.6725,16.6725
E4461,MEDIUM,1.135,1.135,1.135,1.7025000000000001,1.7025000000000001,1.7025000000000001
E7301,CRITICAL,19.253333333333334,19.253333333333334,19.253333333333334,77.01333333333334,77.01333333333334,77.01333333333334
E4900,CRITICAL,7.7266666666666675,7.7266666666666675,7.7266666666666675,30.90666666666667,30.90666666666667,30.90666666666667
E4753,HIGH,11.335,11.335,11.335,28.337500000000002,28.337500000000002,28.337500000000002
E6990,LOW,2.9650000000000003,2.9650000000000003,2.9650000000000003,2.9650000000000003,2.9650000000000003,2.9650000000000003
E8683,HIGH,8.68,8.68,8.68,21.7,21.7,21.7
E4200,HIGH,6.141666666666667,6.141666666666667,6.141666666666667,15.354166666666666,15.354166666666666,15.354166666666666
E4168,HIGH,9.948333333333332,9.948333333333332,9.948333333333332,24.87083333333333,24.87083333333333,24.87083333333333
E6957,HIGH,14.731666666666666,14.731666666666666,14.731666666666666,36.829166666666666,36.829166666666666,36.829166666666666
E2243,LOW,16.256666666666668,16.256666666666668,16.256666666666668,16.256666666666668,16.256666666666668,16.256666666666668
E9505,MEDIUM,6.576666666666667,6.576666666666667,6.576666666666667,9.865,9.865,9.865
E4384,HIGH,4.0,4.0,4.0,10.0,10.0,10.0
E8633,MEDIUM,5.216666666666667,5.216666666666667,5.216666666666667,7.825,7.825,7.825
E6785,HIGH,5.391666666666667,5.391666666666667,5.391666666666667,13.479166666666666,13.479166666666666,13.479166666666666
E8724,LOW,8.74,9.315,9.315,8.74,9.315,9.315
E1986,HIGH,14.24,4.141666666666667,4.141666666666667,35.6,10.354166666666666,10.354166666666666
E6139,CRITICAL,3.4066666666666667,3.4066666666666667,3.4066666666666667,13.626666666666667,13.626666666666667,13.626666666666667
E1941,HIGH,9.276666666666667,9.276666666666667,9.276666666666667,23.19166666666667,23.19166666666667,23.19166666666667
E3055,MEDIUM,7.968333333333334,7.968333333333334,7.968333333333334,11.9525,11.9525,11.9525
E2176,MEDIUM,5.533333333333333,5.533333333333333,5.533333333333333,8.3,8.3,8.3
E5320,CRITICAL,14.1,14.1,14.1,56.4,56.4,56.4
E9277,CRITICAL,9.168333333333333,9.168333333333333,9.168333333333333,36.67333333333333,36.67333333333333,36.67333333333333
E8944,CRITICAL,11.85,11.85,11.85,47.4,47.4,47.4
E1686,LOW,15.278333333333334,15.278333333333334,19.14,15.278333333333334,15.278333333333334,19.14
E9705,LOW,20.64333333333333,20.64333333333333,7.118333333333334,20.64333333333333,20.64333333333333,7.118333333333334
E5978,MEDIUM,5.151666666666667,5.151666666666667,5.151666666666667,7.727500000000001,7.727500000000001,7.727500000000001
E5520,CRITICAL,4.841666666666667,4.841666666666667,4.841666666666667,19.366666666666667,19.366666666666667,19.366666666666667
E6468,HIGH,13.770000000000001,13.770000000000001,13.770000000000001,34.425000000000004,34.425000000000004,34.425000000000004
E6059,HIGH,4.116666666666666,4.116666666666666,9.421666666666665,10.291666666666666,10.291666666666666,23.554166666666664
E2495,HIGH,8.631666666666666,8.631666666666666,3.2199999999999998,21.579166666666666,21.579166666666666,8.049999999999999
E4295,LOW,11.514999999999999,11.514999999999999,11.514999999999999,11.514999999999999,11.514999999999999,11.514999999999999
E9946,CRITICAL,8.233333333333333,8.233333333333333,8.233333333333333,32.93333333333333,32.93333333333333,32.93333333333333
E8347,LOW,8.108333333333333,11.665,11.665,8.108333333333333,11.665,11.665
E3687,CRITICAL,6.338333333333334,2.92,2.92,25.353333333333335,11.68,11.68
E4239,CRITICAL,2.5866666666666664,2.5866666666666664,6.5233333333333325,10.346666666666666,10.346666666666666,26.09333333333333
E7753,CRITICAL,17.858333333333334,17.858333333333334,13.891666666666667,71.43333333333334,71.43333333333334,55.56666666666667
E1359,HIGH,14.026666666666667,14.026666666666667,14.026666666666667,35.06666666666667,35.06666666666667,35.06666666666667
E1877,CRITICAL,6.006666666666666,6.006666666666666,6.006666666666666,24.026666666666664,24.026666666666664,24.026666666666664
E9068,HIGH,10.33,10.33,10.33,25.825,25.825,25.825
E5403,CRITICAL,12.014999999999999,12.014999999999999,12.014999999999999,48.059999999999995,48.059999999999995,48.059999999999995
E5664,MEDIUM,1.1099999999999999,29.626666666666665,1.1099999999999999,1.6649999999999998,44.44,1.6649999999999998
E7721,CRITICAL,10.725,10.725,10.725,42.9,42.9,42.9
E7359,HIGH,19.586666666666666,14.729999999999999,19.586666666666666,48.96666666666667,36.824999999999996,48.96666666666667
E4997,LOW,15.72,15.72,15.72,15.72,15.72,15.72
E5097,HIGH,4.886666666666667,4.886666666666667,4.886666666666667,12.216666666666667,12.216666666666667,12.216666666666667
E9227,LOW,6.698333333333333,6.698333333333333,6.698333333333333,6.698333333333333,6.698333333333333,6.698333333333333
E5144,MEDIUM,7.598333333333333,7.598333333333333,7.598333333333333,11.397499999999999,11.397499999999999,11.397499999999999
E3700,LOW,7.116666666666666,7.116666666666666,7.116666666666666,7.116666666666666,7.116666666666666,7.116666666666666
E9783,CRITICAL,8.23,8.23,8.23,32.92,32.92,32.92
E5218,LOW,10.004999999999999,10.551666666666668,10.551666666666668,10.004999999999999,10.551666666666668,10.551666666666668
E6908,CRITICAL,6.62,6.62,6.62,26.48,26.48,26.48
E4888,MEDIUM,6.333333333333333,5.786666666666666,5.786666666666666,9.5,8.68,8.68
E6303,CRITICAL,6.283333333333333,6.283333333333333,6.283333333333333,25.133333333333333,25.133333333333333,25.133333333333333
E4657,LOW,12.791666666666666,13.648333333333333,13.648333333333333,12.791666666666666,13.648333333333333,13.648333333333333
E3312,HIGH,17.028333333333332,16.171666666666667,16.171666666666667,42.57083333333333,40.42916666666667,40.42916666666667
E9490,CRITICAL,20.136666666666667,20.136666666666667,20.136666666666667,80.54666666666667,80.54666666666667,80.54666666666667
E4203,HIGH,12.25,12.25,12.25,30.625,30.625,30.625
E9001,LOW,8.979999999999999,8.979999999999999,8.979999999999999,8.979999999999999,8.979999999999999,8.979999999999999
E7888,CRITICAL,8.273333333333333,8.273333333333333,8.273333333333333,33.093333333333334,33.093333333333334,33.093333333333334
E3558,HIGH,6.6033333333333335,6.6033333333333335,6.6033333333333335,16.508333333333333,16.508333333333333,16.508333333333333
E7557,LOW,6.956666666666666,6.956666666666666,6.956666666666666,6.956666666666666,6.956666666666666,6.956666666666666
E4711,MEDIUM,2.086666666666667,2.086666666666667,2.086666666666667,3.1300000000000003,3.1300000000000003,3.1300000000000003
E4053,LOW,13.526666666666667,13.526666666666667,13.526666666666667,13.526666666666667,13.526666666666667,13.526666666666667
E1161,LOW,11.181666666666667,11.181666666666667,11.181666666666667,11.181666666666667,11.181666666666667,11.181666666666667
E5772,CRITICAL,6.525,6.525,6.525,26.1,26.1,26.1
E9191,LOW,3.2183333333333333,5.205,5.205,3.2183333333333333,5.205,5.205
E9231,MEDIUM,5.736666666666666,2.9366666666666665,2.9366666666666665,8.605,4.404999999999999,4.404999999999999
E7469,LOW,4.293333333333334,4.293333333333334,4.293333333333334,4.293333333333334,4.293333333333334,4.293333333333334
E2641,MEDIUM,8.621666666666666,8.621666666666666,8.621666666666666,12.9325,12.9325,12.9325
E9493,LOW,16.095000000000002,16.095000000000002,16.095000000000002,16.095000000000002,16.095000000000002,16.095000000000002
E5122,MEDIUM,7.931666666666667,7.931666666666667,7.931666666666667,11.8975,11.8975,11.8975
E7675,LOW,3.0633333333333335,3.0633333333333335,3.0633333333333335,3.0633333333333335,3.0633333333333335,3.0633333333333335
E6972,HIGH,11.791666666666666,11.791666666666666,11.791666666666666,29.479166666666664,29.479166666666664,29.479166666666664
E9204,CRITICAL,13.604999999999999,13.604999999999999,13.604999999999999,54.419999999999995,54.419999999999995,54.419999999999995
E1723,CRITICAL,3.453333333333333,3.453333333333333,3.453333333333333,13.813333333333333,13.813333333333333,13.813333333333333
E3957,CRITICAL,12.110000000000001,12.110000000000001,12.110000000000001,48.440000000000005,48.440000000000005,48.440000000000005
E7145,CRITICAL,4.355,4.355,4.355,17.42,17.42,17.42
E4604,HIGH,8.791666666666666,8.791666666666666,8.791666666666666,21.979166666666664,21.979166666666664,21.979166666666664
E7677,CRITICAL,6.4383333333333335,6.4383333333333335,6.4383333333333335,25.753333333333334,25.753333333333334,25.753333333333334
E3696,MEDIUM,8.514999999999999,8.514999999999999,12.425,12.772499999999997,12.772499999999997,18.637500000000003
E8893,MEDIUM,8.125,8.125,4.473333333333333,12.1875,12.1875,6.709999999999999
E6940,MEDIUM,11.151666666666667,11.151666666666667,5.255,16.7275,16.7275,7.8825
E5135,CRITICAL,6.008333333333334,6.008333333333334,6.008333333333334,24.033333333333335,24.033333333333335,24.033333333333335
E9703,CRITICAL,12.58,12.58,12.58,50.32,50.32,50.32
E9015,HIGH,4.698333333333333,4.698333333333333,4.698333333333333,11.745833333333334,11.745833333333334,11.745833333333334
E4666,MEDIUM,4.47,7.625,7.625,6.705,11.4375,11.4375
E8003,CRITICAL,0.0,0.0,0.0,0.0,0.0,0.0
E7850,CRITICAL,9.658333333333333,7.621666666666667,7.621666666666667,38.63333333333333,30.486666666666668,30.486666666666668
E2178,MEDIUM,9.286666666666667,9.286666666666667,9.286666666666667,13.93,13.93,13.93
E2895,MEDIUM,3.6766666666666667,3.6766666666666667,3.6766666666666667,5.515000000000001,5.515000000000001,5.515000000000001
E4643,LOW,2.0983333333333336,2.0983333333333336,2.0983333333333336,2.0983333333333336,2.0983333333333336,2.0983333333333336
E7557,LOW,8.906666666666666,8.906666666666666,8.906666666666666,8.906666666666666,8.906666666666666,8.906666666666666
E6529,LOW,14.861666666666668,14.861666666666668,14.861666666666668,14.861666666666668,14.861666666666668,14.861666666666668
E4019,MEDIUM,6.738333333333333,6.738333333333333,6.738333333333333,10.1075,10.1075,10.1075
E5365,LOW,12.578333333333335,12.578333333333335,12.578333333333335,12.578333333333335,12.578333333333335,12.578333333333335
E2686,HIGH,9.870000000000001,10.546666666666665,10.546666666666665,24.675000000000004,26.366666666666664,26.366666666666664
E3354,CRITICAL,12.763333333333332,11.038333333333332,11.038333333333332,51.05333333333333,44.15333333333333,44.15333333333333
E3283,LOW,13.893333333333334,15.341666666666667,15.341666666666667,13.893333333333334,15.341666666666667,15.341666666666667
E8832,LOW,5.913333333333333,5.913333333333333,5.913333333333333,5.913333333333333,5.913333333333333,5.913333333333333
E6593,HIGH,6.163333333333333,4.715,4.715,15.408333333333333,11.7875,11.7875
E5667,HIGH,11.608333333333333,12.353333333333333,12.353333333333333,29.020833333333332,30.883333333333333,30.883333333333333
E8593,CRITICAL,16.388333333333332,15.360000000000001,16.526666666666667,65.55333333333333,61.440000000000005,66.10666666666667
E2193,CRITICAL,9.110000000000001,9.110000000000001,7.525,36.440000000000005,36.440000000000005,30.1
E4429,LOW,7.998333333333333,9.373333333333333,7.998333333333333,7.998333333333333,9.373333333333333,7.998333333333333
E9108,MEDIUM,11.785,11.658333333333333,11.785,17.677500000000002,17.4875,17.677500000000002
E2664,MEDIUM,16.766666666666666,16.766666666666666,16.766666666666666,25.15,25.15,25.15
E5857,MEDIUM,16.843333333333334,16.843333333333334,16.843333333333334,25.265,25.265,25.265
E8001,HIGH,6.621666666666667,6.621666666666667,9.973333333333333,16.554166666666667,16.554166666666667,24.93333333333333
E4604,LOW,14.055,14.055,2.725,14.055,14.055,2.725
E8580,HIGH,14.155,14.155,18.131666666666668,35.387499999999996,35.387499999999996,45.329166666666666
E4766,LOW,4.828333333333333,4.828333333333333,4.828333333333333,4.828333333333333,4.828333333333333,4.828333333333333
E3783,HIGH,19.581666666666667,19.581666666666667,14.146666666666667,48.954166666666666,48.954166666666666,35.36666666666667
E3098,CRITICAL,3.7516666666666665,3.7516666666666665,3.7516666666666665,15.006666666666666,15.006666666666666,15.006666666666666
E6339,CRITICAL,9.581666666666667,9.581666666666667,9.581666666666667,38.32666666666667,38.32666666666667,38.32666666666667
E9131,HIGH,14.004999999999999,14.004999999999999,14.004999999999999,35.012499999999996,35.012499999999996,35.012499999999996
E6087,LOW,12.833333333333334,12.833333333333334,12.833333333333334,12.833333333333334,12.833333333333334,12.833333333333334
E7811,LOW,8.163333333333334,8.163333333333334,8.163333333333334,8.163333333333334,8.163333333333334,8.163333333333334
E3722,HIGH,9.75,9.75,9.75,24.375,24.375,24.375
E6597,HIGH,4.855,4.855,4.855,12.137500000000001,12.137500000000001,12.137500000000001
E8239,HIGH,4.9383333333333335,11.2,4.9383333333333335,12.345833333333333,28.0,12.345833333333333
E7785,CRITICAL,11.431666666666667,10.773333333333333,11.431666666666667,45.72666666666667,43.093333333333334,45.72666666666667
E5301,HIGH,4.776666666666667,4.776666666666667,4.776666666666667,11.941666666666668,11.941666666666668,11.941666666666668
E9455,LOW,12.671666666666665,15.370000000000001,15.370000000000001,12.671666666666665,15.370000000000001,15.370000000000001
E5042,HIGH,16.056666666666665,9.793333333333333,9.793333333333333,40.141666666666666,24.483333333333334,24.483333333333334
E5616,MEDIUM,6.075,6.075,6.075,9.1125,9.1125,9.1125
E2322,CRITICAL,10.729999999999999,10.729999999999999,10.729999999999999,42.919999999999995,42.919999999999995,42.919999999999995
E3549,HIGH,9.111666666666668,9.111666666666668,9.111666666666668,22.77916666666667,22.77916666666667,22.77916666666667
E8321,CRITICAL,8.351666666666667,8.351666666666667,8.351666666666667,33.406666666666666,33.406666666666666,33.406666666666666
E3807,HIGH,4.385000000000001,4.385000000000001,4.385000000000001,10.962500000000002,10.962500000000002,10.962500000000002
E1923,HIGH,13.629999999999999,13.629999999999999,13.629999999999999,34.074999999999996,34.074999999999996,34.074999999999996
E6329,HIGH,2.908333333333333,2.908333333333333,2.908333333333333,7.270833333333333,7.270833333333333,7.270833333333333
E5776,HIGH,3.5266666666666664,3.5266666666666664,3.5266666666666664,8.816666666666666,8.816666666666666,8.816666666666666
E9123,HIGH,7.241666666666666,7.241666666666666,7.241666666666666,18.104166666666664,18.104166666666664,18.104166666666664
E9242,LOW,3.94,3.94,3.94,3.94,3.94,3.94
E4922,LOW,10.418333333333333,11.048333333333334,10.418333333333333,10.418333333333333,11.048333333333334,10.418333333333333
E1874,MEDIUM,11.966666666666667,11.625,11.966666666666667,17.95,17.4375,17.95
E4410,LOW,5.288333333333333,5.288333333333333,5.288333333333333,5.288333333333333,5.288333333333333,5.288333333333333
E2674,MEDIUM,11.488333333333333,11.488333333333333,12.31,17.2325,17.2325,18.465
E1777,MEDIUM,20.603333333333335,20.603333333333335,18.386666666666667,30.905,30.905,27.58
E8013,CRITICAL,10.201666666666666,10.201666666666666,14.721666666666666,40.806666666666665,40.806666666666665,58.88666666666666
E3218,HIGH,2.1599999999999997,2.1599999999999997,2.1599999999999997,5.3999999999999995,5.3999999999999995,5.3999999999999995
E3355,HIGH,23.196666666666665,23.196666666666665,8.926666666666668,57.99166666666666,57.99166666666666,22.31666666666667
E3382,MEDIUM,6.668333333333334,6.668333333333334,6.668333333333334,10.002500000000001,10.002500000000001,10.002500000000001
E3340,CRITICAL,6.6883333333333335,6.6883333333333335,6.6883333333333335,26.753333333333334,26.753333333333334,26.753333333333334
E7895,LOW,9.845,9.845,9.845,9.845,9.845,9.845
E1888,HIGH,1.6400000000000001,1.6400000000000001,1.6400000000000001,4.1000000000000005,4.1000000000000005,4.1000000000000005
E1992,LOW,10.138333333333332,10.138333333333332,10.138333333333332,10.138333333333332,10.138333333333332,10.138333333333332
E1011,MEDIUM,5.123333333333333,5.123333333333333,5.123333333333333,7.685,7.685,7.685
E8750,CRITICAL,4.245,4.245,4.245,16.98,16.98,16.98
E8834,HIGH,5.3983333333333325,5.3983333333333325,5.3983333333333325,13.495833333333332,13.495833333333332,13.495833333333332
E8291,MEDIUM,7.155,7.155,7.155,10.7325,10.7325,10.7325
E4487,CRITICAL,6.486666666666666,6.486666666666666,6.486666666666666,25.946666666666665,25.946666666666665,25.946666666666665
E2782,MEDIUM,8.675,8.675,8.675,13.012500000000001,13.012500000000001,13.012500000000001
E2568,MEDIUM,10.893333333333334,10.893333333333334,10.893333333333334,16.340000000000003,16.340000000000003,16.340000000000003
E3901,HIGH,4.043333333333333,4.043333333333333,4.043333333333333,10.108333333333333,10.108333333333333,10.108333333333333
E8804,HIGH,13.161666666666667,13.161666666666667,13.161666666666667,32.90416666666667,32.90416666666667,32.90416666666667
E5753,MEDIUM,10.139999999999999,10.139999999999999,10.139999999999999,15.209999999999997,15.209999999999997,15.209999999999997
E2549,LOW,8.33,8.658333333333333,10.4,8.33,8.658333333333333,10.4
E1131,HIGH,7.0233333333333325,6.694999999999999,7.0233333333333325,17.55833333333333,16.737499999999997,17.55833333333333
E9113,MEDIUM,6.155,6.155,4.201666666666666,9.2325,9.2325,6.302499999999999
E2683,HIGH,10.206666666666667,10.345,10.345,25.516666666666666,25.8625,25.8625
E7393,CRITICAL,7.468333333333334,6.0600000000000005,6.0600000000000005,29.873333333333335,24.240000000000002,24.240000000000002
E6918,LOW,10.701666666666666,10.701666666666666,10.701666666666666,10.701666666666666,10.701666666666666,10.701666666666666
E2706,CRITICAL,5.576666666666667,5.576666666666667,5.576666666666667,22.30666666666667,22.30666666666667,22.30666666666667
E2008,HIGH,1.7866666666666666,1.7866666666666666,1.7866666666666666,4.466666666666667,4.466666666666667,4.466666666666667
E2048,MEDIUM,3.305,3.305,3.305,4.9575000000000005,4.9575000000000005,4.9575000000000005
E2176,MEDIUM,8.621666666666666,8.621666666666666,8.621666666666666,12.9325,12.9325,12.9325
E1645,LOW,6.693333333333333,6.693333333333333,6.693333333333333,6.693333333333333,6.693333333333333,6.693333333333333
E5296,MEDIUM,6.35,6.35,6.35,9.524999999999999,9.524999999999999,9.524999999999999
E1003,CRITICAL,2.705,2.705,2.705,10.82,10.82,10.82
E6074,CRITICAL,9.186666666666667,9.186666666666667,12.465,36.74666666666667,36.74666666666667,49.86
E7025,CRITICAL,13.06,13.06,9.683333333333334,52.24,52.24,38.733333333333334
E9334,CRITICAL,11.976666666666667,11.976666666666667,11.976666666666667,47.906666666666666,47.906666666666666,47.906666666666666
E1786,HIGH,8.875,8.875,8.875,22.1875,22.1875,22.1875
E8997,MEDIUM,5.0616666666666665,5.0616666666666665,5.0616666666666665,7.592499999999999,7.592499999999999,7.592499999999999
E2242,CRITICAL,7.12,7.12,7.12,28.48,28.48,28.48
E9764,MEDIUM,12.360000000000001,12.360000000000001,12.360000000000001,18.540000000000003,18.540000000000003,18.540000000000003
E7341,CRITICAL,9.711666666666668,9.711666666666668,9.711666666666668,38.84666666666667,38.84666666666667,38.84666666666667
E4654,LOW,14.318333333333333,14.318333333333333,14.318333333333333,14.318333333333333,14.318333333333333,14.318333333333333
E4182,LOW,2.8316666666666666,4.2283333333333335,2.8316666666666666,2.8316666666666666,4.2283333333333335,2.8316666666666666
E5226,MEDIUM,8.801666666666668,7.931666666666667,8.801666666666668,13.2025,11.8975,13.2025
E2240,LOW,3.243333333333333,9.115,9.115,3.243333333333333,9.115,9.115
E5013,HIGH,9.485000000000001,6.9399999999999995,6.9399999999999995,23.712500000000002,17.349999999999998,17.349999999999998
E9095,HIGH,14.536666666666667,14.536666666666667,14.536666666666667,36.34166666666667,36.34166666666667,36.34166666666667
E8739,HIGH,12.863333333333333,12.863333333333333,12.863333333333333,32.15833333333333,32.15833333333333,32.15833333333333
E2892,MEDIUM,4.131666666666667,4.131666666666667,4.131666666666667,6.1975,6.1975,6.1975
E1370,HIGH,3.3433333333333333,3.3433333333333333,3.3433333333333333,8.358333333333333,8.358333333333333,8.358333333333333
E8041,HIGH,2.7216666666666667,2.7216666666666667,2.7216666666666667,6.804166666666667,6.804166666666667,6.804166666666667
E6768,CRITICAL,10.896666666666667,10.896666666666667,10.896666666666667,43.586666666666666,43.586666666666666,43.586666666666666
E9462,HIGH,7.0616666666666665,7.0616666666666665,7.0616666666666665,17.654166666666665,17.654166666666665,17.654166666666665
E8594,HIGH,11.42,11.42,11.42,28.55,28.55,28.55
E1421,HIGH,7.471666666666667,7.471666666666667,7.471666666666667,18.679166666666667,18.679166666666667,18.679166666666667
E3193,MEDIUM,15.54,15.54,15.54,23.31,23.31,23.31
E9305,HIGH,4.930000000000001,4.930000000000001,4.930000000000001,12.325000000000001,12.325000000000001,12.325000000000001
E2046,LOW,6.3149999999999995,6.3149999999999995,6.3149999999999995,6.3149999999999995,6.3149999999999995,6.3149999999999995
E6546,HIGH,4.86,4.86,4.86,12.15,12.15,12.15
E1350,LOW,9.941666666666666,9.941666666666666,9.941666666666666,9.941666666666666,9.941666666666666,9.941666666666666
E1303,MEDIUM,3.268333333333333,3.268333333333333,3.268333333333333,4.9025,4.9025,4.9025
E7913,LOW,4.446666666666667,4.446666666666667,4.446666666666667,4.446666666666667,4.446666666666667,4.446666666666667
E4681,MEDIUM,13.3,14.076666666666666,15.111666666666668,19.950000000000003,21.115,22.667500000000004
E1070,MEDIUM,5.91,6.944999999999999,3.9583333333333335,8.865,10.417499999999999,5.9375
E7925,HIGH,10.981666666666666,9.17,9.946666666666665,27.454166666666666,22.925,24.866666666666664
E9984,HIGH,10.301666666666668,10.301666666666668,10.301666666666668,25.75416666666667,25.75416666666667,25.75416666666667
E6302,HIGH,17.313333333333333,17.313333333333333,17.313333333333333,43.28333333333333,43.28333333333333,43.28333333333333
E4750,HIGH,10.466666666666667,10.466666666666667,10.466666666666667,26.166666666666668,26.166666666666668,26.166666666666668
E8318,MEDIUM,17.6,18.398333333333333,18.398333333333333,26.400000000000002,27.5975,27.5975
E4914,HIGH,11.818333333333333,11.020000000000001,11.020000000000001,29.545833333333334,27.550000000000004,27.550000000000004
E2822,LOW,9.53,9.53,9.53,9.53,9.53,9.53
E9519,CRITICAL,8.381666666666666,8.381666666666666,8.381666666666666,33.526666666666664,33.526666666666664,33.526666666666664
E8688,MEDIUM,3.3583333333333334,3.3583333333333334,3.3583333333333334,5.0375,5.0375,5.0375
E9527,CRITICAL,12.125,12.125,12.125,48.5,48.5,48.5
E1349,CRITICAL,9.47,9.47,9.47,37.88,37.88,37.88
E7909,MEDIUM,7.901666666666667,7.901666666666667,7.901666666666667,11.852500000000001,11.852500000000001,11.852500000000001
E9980,HIGH,10.941666666666666,10.941666666666666,10.941666666666666,27.354166666666664,27.354166666666664,27.354166666666664
E4947,LOW,9.923333333333334,9.923333333333334,18.258333333333333,9.923333333333334,9.923333333333334,18.258333333333333
E4595,CRITICAL,7.1066666666666665,7.1066666666666665,9.283333333333333,28.426666666666666,28.426666666666666,37.13333333333333
E9440,CRITICAL,10.708333333333334,10.708333333333334,4.258333333333334,42.833333333333336,42.833333333333336,17.033333333333335
E4507,LOW,7.8516666666666675,12.906666666666666,12.906666666666666,7.8516666666666675,12.906666666666666,12.906666666666666
E3032,CRITICAL,11.193333333333333,4.486666666666666,4.486666666666666,44.77333333333333,17.946666666666665,17.946666666666665
E7461,LOW,9.475,9.475,9.475,9.475,9.475,9.475
E1283,CRITICAL,10.368333333333334,10.368333333333334,10.368333333333334,41.473333333333336,41.473333333333336,41.473333333333336
E3204,MEDIUM,4.048333333333334,6.091666666666667,6.091666666666667,6.072500000000001,9.1375,9.1375
E4900,HIGH,5.608333333333333,2.1566666666666667,2.1566666666666667,14.020833333333334,5.391666666666667,5.391666666666667
E9823,CRITICAL,11.403333333333334,11.403333333333334,11.403333333333334,45.61333333333334,45.61333333333334,45.61333333333334
E5564,LOW,8.705,8.705,8.705,8.705,8.705,8.705
E1971,MEDIUM,14.138333333333332,14.138333333333332,14.138333333333332,21.207499999999996,21.207499999999996,21.207499999999996
E2489,CRITICAL,9.088333333333333,9.088333333333333,9.088333333333333,36.35333333333333,36.35333333333333,36.35333333333333
E3457,CRITICAL,5.716666666666667,5.716666666666667,5.716666666666667,22.866666666666667,22.866666666666667,22.866666666666667
E1794,HIGH,6.295,6.295,6.295,15.7375,15.7375,15.7375
E2156,LOW,3.6416666666666666,11.083333333333334,11.083333333333334,3.6416666666666666,11.083333333333334,11.083333333333334
E8249,MEDIUM,4.9816666666666665,4.9816666666666665,4.9816666666666665,7.4725,7.4725,7.4725
E4917,CRITICAL,11.81,4.291666666666667,4.291666666666667,47.24,17.166666666666668,17.166666666666668
E3710,LOW,6.085,6.085,6.085,6.085,6.085,6.085
E7560,MEDIUM,4.541666666666667,4.541666666666667,4.541666666666667,6.8125,6.8125,6.8125
E2830,CRITICAL,12.948333333333332,12.948333333333332,12.948333333333332,51.79333333333333,51.79333333333333,51.79333333333333
E6433,CRITICAL,8.705,8.705,8.705,34.82,34.82,34.82
E1115,HIGH,10.18,10.18,10.18,25.45,25.45,25.45
E2469,CRITICAL,3.7866666666666666,3.7866666666666666,3.7866666666666666,15.146666666666667,15.146666666666667,15.146666666666667
E9556,CRITICAL,11.861666666666668,11.861666666666668,11.861666666666668,47.44666666666667,47.44666666666667,47.44666666666667
E4612,HIGH,17.48166666666667,17.48166666666667,17.48166666666667,43.70416666666667,43.70416666666667,43.70416666666667
E7991,MEDIUM,9.29,9.29,9.29,13.934999999999999,13.934999999999999,13.934999999999999
E2209,CRITICAL,7.89,7.89,7.89,31.56,31.56,31.56
E7000,HIGH,5.706666666666666,9.653333333333334,9.653333333333334,14.266666666666666,24.133333333333336,24.133333333333336
E7433,CRITICAL,8.995000000000001,4.746666666666667,4.746666666666667,35.980000000000004,18.986666666666668,18.986666666666668
E8481,HIGH,7.491666666666666,7.491666666666666,7.491666666666666,18.729166666666664,18.729166666666664,18.729166666666664
E4146,MEDIUM,17.796666666666667,17.796666666666667,17.796666666666667,26.695,26.695,26.695
E1347,CRITICAL,4.191666666666666,4.191666666666666,4.191666666666666,16.766666666666666,16.766666666666666,16.766666666666666
E1697,HIGH,2.2816666666666667,2.2816666666666667,2.2816666666666667,5.704166666666667,5.704166666666667,5.704166666666667
E9711,MEDIUM,4.165,4.165,4.165,6.2475000000000005,6.2475000000000005,6.2475000000000005
E4297,HIGH,7.376666666666667,7.376666666666667,7.376666666666667,18.441666666666666,18.441666666666666,18.441666666666666
E7520,LOW,3.0050000000000003,12.653333333333334,12.653333333333334,3.0050000000000003,12.653333333333334,12.653333333333334
E7009,HIGH,18.053333333333335,12.42,12.42,45.13333333333334,31.05,31.05
E1746,HIGH,8.32,8.32,8.32,20.8,20.8,20.8
E1067,LOW,10.453333333333335,10.453333333333335,10.453333333333335,10.453333333333335,10.453333333333335,10.453333333333335
E4982,HIGH,12.091666666666667,12.091666666666667,12.181666666666667,30.229166666666668,30.229166666666668,30.454166666666666
E9319,HIGH,9.215,9.215,7.1483333333333325,23.0375,23.0375,17.87083333333333
E3976,HIGH,6.958333333333333,6.958333333333333,6.958333333333333,17.395833333333332,17.395833333333332,17.395833333333332
E9593,HIGH,8.561666666666667,8.561666666666667,8.561666666666667,21.40416666666667,21.40416666666667,21.40416666666667
E3991,MEDIUM,11.5,11.5,11.5,17.25,17.25,17.25
E6282,LOW,14.476666666666667,16.055,16.483333333333334,14.476666666666667,16.055,16.483333333333334
E4237,MEDIUM,12.663333333333332,9.675,12.663333333333332,18.994999999999997,14.512500000000001,18.994999999999997
E9372,LOW,15.871666666666666,15.871666666666666,8.485000000000001,15.871666666666666,15.871666666666666,8.485000000000001
E3616,LOW,2.54,12.071666666666665,3.565,2.54,12.071666666666665,3.565
E3804,HIGH,9.138333333333332,9.138333333333332,9.806666666666667,22.84583333333333,22.84583333333333,24.516666666666666
E4466,CRITICAL,9.585,7.55,7.55,38.34,30.2,30.2
E2322,HIGH,2.8583333333333334,2.8583333333333334,2.8583333333333334,7.145833333333334,7.145833333333334,7.145833333333334
E6432,HIGH,12.729999999999999,14.646666666666667,14.646666666666667,31.824999999999996,36.61666666666667,36.61666666666667
E4500,CRITICAL,6.6,3.4466666666666668,3.4466666666666668,26.4,13.786666666666667,13.786666666666667
E9320,MEDIUM,6.923333333333333,6.923333333333333,6.923333333333333,10.385,10.385,10.385
E8006,HIGH,3.51,3.51,3.51,8.774999999999999,8.774999999999999,8.774999999999999
E4454,MEDIUM,10.228333333333333,10.228333333333333,10.228333333333333,15.342500000000001,15.342500000000001,15.342500000000001
E9258,HIGH,4.746666666666667,4.746666666666667,4.746666666666667,11.866666666666667,11.866666666666667,11.866666666666667
E8404,MEDIUM,3.978333333333333,3.978333333333333,3.978333333333333,5.967499999999999,5.967499999999999,5.967499999999999
E1973,LOW,2.441666666666667,2.441666666666667,2.441666666666667,2.441666666666667,2.441666666666667,2.441666666666667
E6215,CRITICAL,6.663333333333333,6.663333333333333,6.663333333333333,26.653333333333332,26.653333333333332,26.653333333333332
E5069,HIGH,9.008333333333333,9.008333333333333,9.008333333333333,22.520833333333332,22.520833333333332,22.520833333333332
E1945,HIGH,1.1966666666666665,1.1966666666666665,1.1966666666666665,2.9916666666666663,2.9916666666666663,2.9916666666666663
E2643,CRITICAL,10.428333333333335,10.428333333333335,10.428333333333335,41.71333333333334,41.71333333333334,41.71333333333334
E4860,LOW,5.6483333333333325,7.863333333333333,7.863333333333333,5.6483333333333325,7.863333333333333,7.863333333333333
E2126,HIGH,14.46,13.098333333333333,13.098333333333333,36.150000000000006,32.74583333333333,32.74583333333333
E5348,HIGH,9.476666666666667,10.004999999999999,10.004999999999999,23.691666666666666,25.012499999999996,25.012499999999996
E6955,CRITICAL,10.701666666666666,9.996666666666666,10.701666666666666,42.806666666666665,39.986666666666665,42.806666666666665
E2703,LOW,8.44,8.44,4.85,8.44,8.44,4.85
E7378,LOW,9.766666666666667,9.766666666666667,9.766666666666667,9.766666666666667,9.766666666666667,9.766666666666667
E3683,HIGH,8.193333333333333,8.193333333333333,8.193333333333333,20.483333333333334,20.483333333333334,20.483333333333334
E2852,HIGH,8.426666666666668,8.426666666666668,8.426666666666668,21.06666666666667,21.06666666666667,21.06666666666667
E8775,CRITICAL,9.286666666666667,9.286666666666667,9.286666666666667,37.14666666666667,37.14666666666667,37.14666666666667
E7894,LOW,11.96,12.276666666666667,12.276666666666667,11.96,12.276666666666667,12.276666666666667
E5065,HIGH,7.595,7.278333333333333,7.278333333333333,18.9875,18.195833333333333,18.195833333333333
E2277,CRITICAL,8.628333333333334,8.628333333333334,8.628333333333334,34.513333333333335,34.513333333333335,34.513333333333335
E2065,CRITICAL,4.915,4.915,4.915,19.66,19.66,19.66
E7197,LOW,7.578333333333333,7.578333333333333,7.578333333333333,7.578333333333333,7.578333333333333,7.578333333333333
E8009,CRITICAL,6.155,6.155,7.63,24.62,24.62,30.52
E2599,MEDIUM,8.67,8.67,8.67,13.004999999999999,13.004999999999999,13.004999999999999
E3631,HIGH,9.818333333333333,9.818333333333333,5.346666666666667,24.545833333333334,24.545833333333334,13.366666666666667
E6587,LOW,8.173333333333334,8.173333333333334,8.173333333333334,8.173333333333334,8.173333333333334,8.173333333333334
E2130,LOW,8.37,8.37,8.37,8.37,8.37,8.37
E7477,CRITICAL,7.408333333333333,7.408333333333333,7.408333333333333,29.633333333333333,29.633333333333333,29.633333333333333
E9986,HIGH,7.503333333333333,7.503333333333333,7.503333333333333,18.758333333333333,18.758333333333333,18.758333333333333
E8021,LOW,6.069999999999999,6.069999999999999,6.069999999999999,6.069999999999999,6.069999999999999,6.069999999999999
E9193,HIGH,8.781666666666666,8.781666666666666,8.781666666666666,21.954166666666666,21.954166666666666,21.954166666666666
E5544,CRITICAL,4.58,4.58,4.58,18.32,18.32,18.32
E9190,LOW,11.325,11.325,11.325,11.325,11.325,11.325
E7667,HIGH,13.606666666666666,13.606666666666666,13.606666666666666,34.016666666666666,34.016666666666666,34.016666666666666
E4001,MEDIUM,2.5966666666666667,2.5966666666666667,2.5966666666666667,3.895,3.895,3.895
E7721,MEDIUM,14.271666666666667,14.271666666666667,14.271666666666667,21.4075,21.4075,21.4075
E4080,HIGH,5.245,5.245,5.245,13.1125,13.1125,13.1125
E8982,HIGH,8.41,8.925,8.925,21.025,22.3125,22.3125
E6103,CRITICAL,6.84,3.5283333333333333,3.5283333333333333,27.36,14.113333333333333,14.113333333333333
E6535,LOW,9.745000000000001,11.045,11.045,9.745000000000001,11.045,11.045
E9830,LOW,9.575,9.575,14.79,9.575,9.575,14.79
E5070,LOW,12.885,17.96333333333333,1.6916666666666667,12.885,17.96333333333333,1.6916666666666667
E3272,MEDIUM,18.778333333333332,10.628333333333334,10.628333333333334,28.167499999999997,15.9425,15.9425
E1241,HIGH,6.011666666666667,6.011666666666667,6.011666666666667,15.029166666666667,15.029166666666667,15.029166666666667
E9814,LOW,4.864999999999999,4.864999999999999,4.864999999999999,4.864999999999999,4.864999999999999,4.864999999999999
E8302,HIGH,7.943333333333333,7.943333333333333,7.943333333333333,19.858333333333334,19.858333333333334,19.858333333333334
E4611,LOW,8.168333333333333,8.168333333333333,8.168333333333333,8.168333333333333,8.168333333333333,8.168333333333333
E6734,MEDIUM,6.491666666666666,6.491666666666666,6.491666666666666,9.737499999999999,9.737499999999999,9.737499999999999
E8672,MEDIUM,9.968333333333334,9.968333333333334,9.968333333333334,14.9525,14.9525,14.9525
E3452,MEDIUM,11.653333333333334,11.653333333333334,11.653333333333334,17.48,17.48,17.48
E7584,CRITICAL,8.583333333333334,8.583333333333334,8.583333333333334,34.333333333333336,34.333333333333336,34.333333333333336
E6335,HIGH,9.656666666666666,9.656666666666666,9.656666666666666,24.141666666666666,24.141666666666666,24.141666666666666
E5756,LOW,8.691666666666666,8.691666666666666,8.691666666666666,8.691666666666666,8.691666666666666,8.691666666666666
E2680,CRITICAL,3.8633333333333337,3.8633333333333337,3.8633333333333337,15.453333333333335,15.453333333333335,15.453333333333335
E9524,MEDIUM,9.366666666666667,9.366666666666667,9.366666666666667,14.05,14.05,14.05
E4076,CRITICAL,11.631666666666666,11.631666666666666,13.078333333333335,46.526666666666664,46.526666666666664,52.31333333333334
E3921,HIGH,10.166666666666666,10.166666666666666,3.4833333333333334,25.416666666666664,25.416666666666664,8.708333333333334
E3491,LOW,7.6033333333333335,7.6033333333333335,7.336666666666667,7.6033333333333335,7.6033333333333335,7.336666666666667
E5971,LOW,6.48,10.481666666666666,10.481666666666666,6.48,10.481666666666666,10.481666666666666
E9054,MEDIUM,16.913333333333334,16.913333333333334,16.913333333333334,25.37,25.37,25.37
E6388,CRITICAL,13.221666666666666,8.336666666666666,8.336666666666666,52.88666666666666,33.346666666666664,33.346666666666664
E3194,CRITICAL,8.063333333333334,8.063333333333334,8.063333333333334,32.25333333333334,32.25333333333334,32.25333333333334
E3843,MEDIUM,6.538333333333333,6.538333333333333,6.538333333333333,9.8075,9.8075,9.8075
E3756,CRITICAL,6.069999999999999,6.069999999999999,6.069999999999999,24.279999999999998,24.279999999999998,24.279999999999998
E7465,CRITICAL,4.791666666666667,4.791666666666667,5.265,19.166666666666668,19.166666666666668,21.06
E5164,CRITICAL,5.405,5.405,3.3016666666666667,21.62,21.62,13.206666666666667
E1527,CRITICAL,15.085,15.085,15.085,60.34,60.34,60.34
E3753,LOW,8.458333333333334,8.458333333333334,8.458333333333334,8.458333333333334,8.458333333333334,8.458333333333334
E9340,LOW,10.926666666666668,10.926666666666668,10.926666666666668,10.926666666666668,10.926666666666668,10.926666666666668
E8827,HIGH,2.9483333333333333,2.9483333333333333,2.9483333333333333,7.370833333333334,7.370833333333334,7.370833333333334
E8850,LOW,7.723333333333333,7.723333333333333,8.958333333333334,7.723333333333333,7.723333333333333,8.958333333333334
E1279,LOW,6.921666666666667,6.921666666666667,9.128333333333334,6.921666666666667,6.921666666666667,9.128333333333334
E8867,LOW,10.591666666666667,10.591666666666667,5.003333333333333,10.591666666666667,10.591666666666667,5.003333333333333
E2043,LOW,4.34,4.34,4.34,4.34,4.34,4.34
E2611,MEDIUM,8.985000000000001,8.985000000000001,8.985000000000001,13.477500000000003,13.477500000000003,13.477500000000003
E5780,HIGH,7.64,7.64,7.64,19.099999999999998,19.099999999999998,19.099999999999998
E5275,MEDIUM,2.3883333333333336,5.355,5.355,3.5825000000000005,8.0325,8.0325
E1545,LOW,12.271666666666667,12.271666666666667,12.271666666666667,12.271666666666667,12.271666666666667,12.271666666666667
E9234,HIGH,10.645000000000001,5.741666666666666,5.741666666666666,26.612500000000004,14.354166666666666,14.354166666666666
E1759,LOW,1.46,5.133333333333334,5.133333333333334,1.46,5.133333333333334,5.133333333333334
E4836,CRITICAL,3.235,3.235,3.235,12.94,12.94,12.94
E8167,MEDIUM,6.401666666666667,2.7483333333333335,2.7483333333333335,9.602500000000001,4.1225000000000005,4.1225000000000005
E2632,HIGH,4.243333333333333,4.243333333333333,4.243333333333333,10.608333333333333,10.608333333333333,10.608333333333333
E8283,LOW,8.243333333333334,8.243333333333334,16.983333333333334,8.243333333333334,8.243333333333334,16.983333333333334
E8098,LOW,21.121666666666666,21.121666666666666,4.666666666666667,21.121666666666666,21.121666666666666,4.666666666666667
E7079,CRITICAL,8.315,8.315,8.315,33.26,33.26,33.26
E8918,LOW,6.711666666666667,6.711666666666667,6.711666666666667,6.711666666666667,6.711666666666667,6.711666666666667
E3025,LOW,7.538333333333333,7.538333333333333,7.538333333333333,7.538333333333333,7.538333333333333,7.538333333333333
E7013,HIGH,6.956666666666666,6.956666666666666,6.956666666666666,17.391666666666666,17.391666666666666,17.391666666666666
E2714,HIGH,12.901666666666667,12.901666666666667,12.901666666666667,32.25416666666667,32.25416666666667,32.25416666666667
E6896,LOW,9.073333333333332,9.073333333333332,9.073333333333332,9.073333333333332,9.073333333333332,9.073333333333332
E1064,MEDIUM,4.793333333333334,4.793333333333334,4.793333333333334,7.190000000000001,7.190000000000001,7.190000000000001
E4536,LOW,8.811666666666667,8.811666666666667,8.811666666666667,8.811666666666667,8.811666666666667,8.811666666666667
E6685,LOW,13.638333333333332,13.638333333333332,13.638333333333332,13.638333333333332,13.638333333333332,13.638333333333332
E4470,CRITICAL,11.566666666666666,11.566666666666666,11.566666666666666,46.266666666666666,46.266666666666666,46.266666666666666
E4962,LOW,7.035,7.956666666666666,7.956666666666666,7.035,7.956666666666666,7.956666666666666
E6625,CRITICAL,10.351666666666667,9.43,9.43,41.406666666666666,37.72,37.72
E5203,MEDIUM,7.418333333333334,7.418333333333334,7.418333333333334,11.127500000000001,11.127500000000001,11.127500000000001
E1858,LOW,7.858333333333333,7.858333333333333,7.858333333333333,7.858333333333333,7.858333333333333,7.858333333333333
E4325,CRITICAL,8.425,8.425,8.425,33.7,33.7,33.7
E9851,CRITICAL,10.883333333333333,10.883333333333333,10.883333333333333,43.53333333333333,43.53333333333333,43.53333333333333
E6217,CRITICAL,12.56,12.56,12.56,50.24,50.24,50.24
E7594,CRITICAL,3.125,3.125,3.125,12.5,12.5,12.5
E8178,HIGH,7.985,7.985,7.985,19.962500000000002,19.962500000000002,19.962500000000002
E9848,HIGH,9.486666666666668,9.486666666666668,9.486666666666668,23.71666666666667,23.71666666666667,23.71666666666667
E6315,MEDIUM,17.493333333333332,17.493333333333332,17.493333333333332,26.24,26.24,26.24
E3680,LOW,8.796666666666665,11.311666666666667,11.311666666666667,8.796666666666665,11.311666666666667,11.311666666666667
E4111,HIGH,9.911666666666667,8.17,8.17,24.77916666666667,20.425,20.425
E8143,HIGH,1.9416666666666667,1.9416666666666667,1.9416666666666667,4.854166666666667,4.854166666666667,4.854166666666667
E9209,CRITICAL,5.621666666666667,5.621666666666667,5.621666666666667,22.486666666666668,22.486666666666668,22.486666666666668
E1731,LOW,6.918333333333334,6.918333333333334,6.918333333333334,6.918333333333334,6.918333333333334,6.918333333333334
E8553,CRITICAL,8.188333333333334,8.188333333333334,8.188333333333334,32.75333333333334,32.75333333333334,32.75333333333334
E5709,MEDIUM,7.293333333333334,12.341666666666667,12.341666666666667,10.940000000000001,18.5125,18.5125
E1333,HIGH,15.001666666666667,9.953333333333335,9.953333333333335,37.50416666666667,24.883333333333336,24.883333333333336
E3041,MEDIUM,7.08,7.08,7.08,10.620000000000001,10.620000000000001,10.620000000000001
E9459,CRITICAL,7.461666666666667,7.461666666666667,7.461666666666667,29.846666666666668,29.846666666666668,29.846666666666668
E7440,MEDIUM,14.254999999999999,16.431666666666665,16.431666666666665,21.3825,24.647499999999997,24.647499999999997
E1648,HIGH,12.291666666666666,10.115,10.115,30.729166666666664,25.2875,25.2875
E5348,LOW,12.306666666666667,18.486666666666668,12.306666666666667,12.306666666666667,18.486666666666668,12.306666666666667
E9206,MEDIUM,14.113333333333333,11.776666666666667,14.113333333333333,21.17,17.665,21.17
E3238,MEDIUM,13.805,13.805,13.805,20.7075,20.7075,20.7075
E2839,MEDIUM,8.861666666666668,10.625,10.625,13.292500000000002,15.9375,15.9375
E7857,CRITICAL,5.295,5.295,5.295,21.18,21.18,21.18
E1526,HIGH,18.455,13.09,13.09,46.137499999999996,32.725,32.725
E9035,LOW,9.695,9.695,9.695,9.695,9.695,9.695
E4934,MEDIUM,12.088333333333333,12.088333333333333,12.088333333333333,18.1325,18.1325,18.1325
E2452,MEDIUM,9.733333333333333,9.733333333333333,9.733333333333333,14.599999999999998,14.599999999999998,14.599999999999998
E3991,MEDIUM,8.923333333333334,8.923333333333334,8.923333333333334,13.385000000000002,13.385000000000002,13.385000000000002
E8086,MEDIUM,11.953333333333335,11.953333333333335,11.953333333333335,17.930000000000003,17.930000000000003,17.930000000000003
E1758,CRITICAL,9.493333333333334,9.493333333333334,9.493333333333334,37.973333333333336,37.973333333333336,37.973333333333336
E2447,MEDIUM,2.441666666666667,2.441666666666667,2.441666666666667,3.6625000000000005,3.6625000000000005,3.6625000000000005
E3353,LOW,4.136666666666667,7.331666666666666,7.331666666666666,4.136666666666667,7.331666666666666,7.331666666666666
E4176,MEDIUM,13.504999999999999,8.151666666666667,8.151666666666667,20.2575,12.227500000000001,12.227500000000001
E1504,LOW,17.793333333333333,17.793333333333333,17.793333333333333,17.793333333333333,17.793333333333333,17.793333333333333
E4417,LOW,6.878333333333333,6.878333333333333,6.878333333333333,6.878333333333333,6.878333333333333,6.878333333333333
E7932,LOW,3.54,3.54,3.54,3.54,3.54,3.54
E4141,MEDIUM,3.2216666666666667,3.2216666666666667,3.2216666666666667,4.8325,4.8325,4.8325
E2862,HIGH,10.156666666666666,10.156666666666666,10.156666666666666,25.391666666666666,25.391666666666666,25.391666666666666
E4617,LOW,7.79,7.79,7.79,7.79,7.79,7.79
E1961,HIGH,4.595,4.595,4.595,11.487499999999999,11.487499999999999,11.487499999999999
E6837,LOW,8.65,8.65,9.715,8.65,8.65,9.715
E7597,LOW,11.879999999999999,11.879999999999999,10.815,11.879999999999999,11.879999999999999,10.815
E9466,MEDIUM,14.84,16.343333333333334,16.343333333333334,22.259999999999998,24.515,24.515
E7677,HIGH,8.618333333333334,8.618333333333334,8.618333333333334,21.545833333333334,21.545833333333334,21.545833333333334
E9651,HIGH,16.461666666666666,14.958333333333334,14.958333333333334,41.15416666666667,37.395833333333336,37.395833333333336
E9303,LOW,13.678333333333335,13.678333333333335,13.678333333333335,13.678333333333335,13.678333333333335,13.678333333333335
E2793,CRITICAL,6.121666666666667,6.121666666666667,6.121666666666667,24.486666666666668,24.486666666666668,24.486666666666668
E3808,MEDIUM,6.680000000000001,6.680000000000001,6.680000000000001,10.020000000000001,10.020000000000001,10.020000000000001
E8740,MEDIUM,12.823333333333332,15.870000000000001,17.285,19.235,23.805,25.927500000000002
E7333,CRITICAL,11.805,11.07,11.805,47.22,44.28,47.22
E4132,CRITICAL,8.0,8.0,6.028333333333333,32.0,32.0,24.113333333333333
E8836,MEDIUM,7.245,7.245,10.006666666666666,10.8675,10.8675,15.009999999999998
E3486,LOW,8.635,10.978333333333333,8.635,8.635,10.978333333333333,8.635
E6731,MEDIUM,11.033333333333333,10.395000000000001,2.8116666666666665,16.55,15.592500000000001,4.217499999999999
E8847,HIGH,8.586666666666668,8.586666666666668,8.586666666666668,21.46666666666667,21.46666666666667,21.46666666666667
E4327,HIGH,9.451666666666666,9.451666666666666,9.451666666666666,23.629166666666666,23.629166666666666,23.629166666666666
E2760,LOW,12.295,12.295,12.295,12.295,12.295,12.295
E9536,LOW,7.586666666666667,7.586666666666667,7.586666666666667,7.586666666666667,7.586666666666667,7.586666666666667
E8388,LOW,4.6866666666666665,4.6866666666666665,4.6866666666666665,4.6866666666666665,4.6866666666666665,4.6866666666666665
E1318,MEDIUM,7.9,7.9,7.9,11.850000000000001,11.850000000000001,11.850000000000001
E4496,CRITICAL,6.930000000000001,6.930000000000001,6.930000000000001,27.720000000000002,27.720000000000002,27.720000000000002
E2915,HIGH,12.468333333333334,12.468333333333334,12.468333333333334,31.170833333333334,31.170833333333334,31.170833333333334
E1077,LOW,10.978333333333333,10.978333333333333,10.978333333333333,10.978333333333333,10.978333333333333,10.978333333333333
E1912,LOW,11.44,12.99,12.99,11.44,12.99,12.99
E9967,MEDIUM,3.9516666666666667,3.9516666666666667,3.9516666666666667,5.9275,5.9275,5.9275
E1715,HIGH,12.92,11.370000000000001,11.370000000000001,32.3,28.425000000000004,28.425000000000004
E4613,CRITICAL,6.033333333333333,6.033333333333333,6.033333333333333,24.133333333333333,24.133333333333333,24.133333333333333
E9797,MEDIUM,8.255,8.255,8.255,12.3825,12.3825,12.3825
E3414,CRITICAL,8.806666666666667,8.806666666666667,8.806666666666667,35.22666666666667,35.22666666666667,35.22666666666667
E7185,HIGH,8.91,8.91,8.91,22.275,22.275,22.275
E7248,LOW,8.735000000000001,10.188333333333333,10.188333333333333,8.735000000000001,10.188333333333333,10.188333333333333
E9233,HIGH,12.014999999999999,10.446666666666665,10.446666666666665,30.037499999999998,26.116666666666664,26.116666666666664
E1045,CRITICAL,3.856666666666667,3.856666666666667,3.856666666666667,15.426666666666668,15.426666666666668,15.426666666666668
E4363,CRITICAL,8.813333333333333,8.813333333333333,8.813333333333333,35.25333333333333,35.25333333333333,35.25333333333333
E2424,CRITICAL,9.860000000000001,9.860000000000001,9.860000000000001,39.440000000000005,39.440000000000005,39.440000000000005
E5417,MEDIUM,9.598333333333333,9.598333333333333,9.598333333333333,14.397499999999999,14.397499999999999,14.397499999999999
E5096,HIGH,16.941666666666666,16.941666666666666,16.941666666666666,42.354166666666664,42.354166666666664,42.354166666666664
E3158,HIGH,5.1466666666666665,5.1466666666666665,5.1466666666666665,12.866666666666667,12.866666666666667,12.866666666666667
E4487,LOW,4.905,9.846666666666666,9.846666666666666,4.905,9.846666666666666,9.846666666666666
E9173,MEDIUM,16.529999999999998,11.021666666666667,11.021666666666667,24.794999999999995,16.5325,16.5325
E9357,MEDIUM,13.211666666666668,11.798333333333334,11.798333333333334,19.817500000000003,17.6975,17.6975
E1001,HIGH,7.005,7.005,7.005,17.5125,17.5125,17.5125
E3687,HIGH,5.605,5.605,5.605,14.012500000000001,14.012500000000001,14.012500000000001
E5198,MEDIUM,0.16166666666666665,0.16166666666666665,0.16166666666666665,0.2425,0.2425,0.2425
E8947,LOW,5.245,5.245,5.245,5.245,5.245,5.245
E4429,MEDIUM,6.8516666666666675,6.8516666666666675,6.8516666666666675,10.277500000000002,10.277500000000002,10.277500000000002
E6779,LOW,3.078333333333333,3.078333333333333,3.078333333333333,3.078333333333333,3.078333333333333,3.078333333333333
E5425,HIGH,4.383333333333334,4.383333333333334,4.383333333333334,10.958333333333334,10.958333333333334,10.958333333333334
E6831,HIGH,4.8,4.8,4.8,12.0,12.0,12.0
E6346,LOW,4.42,4.42,4.42,4.42,4.42,4.42
E2840,CRITICAL,9.606666666666666,9.606666666666666,11.978333333333333,38.42666666666666,38.42666666666666,47.913333333333334
E8878,HIGH,10.723333333333333,13.216666666666667,10.723333333333333,26.80833333333333,33.041666666666664,26.80833333333333
E5259,CRITICAL,12.445,9.951666666666666,6.918333333333334,49.78,39.806666666666665,27.673333333333336
E9152,LOW,8.41,14.379999999999999,8.41,8.41,14.379999999999999,8.41
E7208,CRITICAL,5.39,5.39,5.39,21.56,21.56,21.56
E7256,HIGH,7.751666666666667,7.415,7.751666666666667,19.379166666666666,18.5375,19.379166666666666
E5146,HIGH,11.223333333333333,11.223333333333333,11.676666666666668,28.05833333333333,28.05833333333333,29.19166666666667
E2271,LOW,7.503333333333333,7.503333333333333,8.91,7.503333333333333,7.503333333333333,8.91
E8425,LOW,11.2,11.2,1.5666666666666667,11.2,11.2,1.5666666666666667
E1452,CRITICAL,5.536666666666666,5.536666666666666,5.536666666666666,22.146666666666665,22.146666666666665,22.146666666666665
E9036,MEDIUM,4.323333333333333,4.323333333333333,4.323333333333333,6.484999999999999,6.484999999999999,6.484999999999999
E1360,LOW,12.921666666666665,12.921666666666665,12.921666666666665,12.921666666666665,12.921666666666665,12.921666666666665
E2153,MEDIUM,9.415,9.415,9.415,14.122499999999999,14.122499999999999,14.122499999999999
E8144,LOW,7.493333333333334,7.493333333333334,7.493333333333334,7.493333333333334,7.493333333333334,7.493333333333334
E8327,HIGH,17.779999999999998,17.779999999999998,17.779999999999998,44.449999999999996,44.449999999999996,44.449999999999996
E2736,LOW,6.0649999999999995,6.0649999999999995,6.0649999999999995,6.0649999999999995,6.0649999999999995,6.0649999999999995
E3776,MEDIUM,8.666666666666666,8.666666666666666,8.666666666666666,13.0,13.0,13.0
E2878,HIGH,8.353333333333333,8.353333333333333,8.353333333333333,20.883333333333333,20.883333333333333,20.883333333333333
E6897,LOW,2.421666666666667,2.421666666666667,2.421666666666667,2.421666666666667,2.421666666666667,2.421666666666667
E8092,HIGH,0.0,0.0,0.0,0.0,0.0,0.0
E9565,MEDIUM,13.941666666666666,13.941666666666666,13.941666666666666,20.9125,20.9125,20.9125
E4963,LOW,6.096666666666667,11.715,11.715,6.096666666666667,11.715,11.715
E1820,HIGH,12.781666666666666,5.2316666666666665,5.2316666666666665,31.954166666666666,13.079166666666666,13.079166666666666
E5380,MEDIUM,9.016666666666667,9.016666666666667,9.016666666666667,13.525000000000002,13.525000000000002,13.525000000000002
E6984,HIGH,6.576666666666667,6.576666666666667,7.05,16.441666666666666,16.441666666666666,17.625
E3462,MEDIUM,5.843333333333334,5.843333333333334,5.843333333333334,8.765,8.765,8.765
E2649,HIGH,3.3733333333333335,3.3733333333333335,2.9,8.433333333333334,8.433333333333334,7.25
E2623,LOW,8.843333333333334,8.843333333333334,8.843333333333334,8.843333333333334,8.843333333333334,8.843333333333334
E2400,LOW,4.808333333333334,4.808333333333334,4.808333333333334,4.808333333333334,4.808333333333334,4.808333333333334
E4181,HIGH,5.668333333333334,5.668333333333334,5.668333333333334,14.170833333333334,14.170833333333334,14.170833333333334
E3187,CRITICAL,6.705,6.705,6.705,26.82,26.82,26.82
E1305,MEDIUM,11.443333333333333,11.443333333333333,11.443333333333333,17.165,17.165,17.165
E3977,CRITICAL,5.803333333333333,5.803333333333333,5.803333333333333,23.21333333333333,23.21333333333333,23.21333333333333
E6800,LOW,9.003333333333334,9.003333333333334,9.003333333333334,9.003333333333334,9.003333333333334,9.003333333333334
E2413,MEDIUM,4.235,4.235,4.235,6.352500000000001,6.352500000000001,6.352500000000001
E2027,HIGH,4.7316666666666665,4.7316666666666665,4.7316666666666665,11.829166666666666,11.829166666666666,11.829166666666666
E8219,CRITICAL,14.886666666666667,14.886666666666667,14.979999999999999,59.54666666666667,59.54666666666667,59.919999999999995
E1484,LOW,9.063333333333333,9.063333333333333,9.063333333333333,9.063333333333333,9.063333333333333,9.063333333333333
E8727,CRITICAL,15.516666666666667,15.516666666666667,15.423333333333334,62.06666666666667,62.06666666666667,61.693333333333335
E5165,CRITICAL,8.389999999999999,8.389999999999999,8.389999999999999,33.559999999999995,33.559999999999995,33.559999999999995
E8206,HIGH,6.995,6.995,7.0216666666666665,17.4875,17.4875,17.554166666666667
E8755,HIGH,13.316666666666666,13.316666666666666,9.6,33.291666666666664,33.291666666666664,24.0
E7951,HIGH,4.06,4.571666666666667,4.571666666666667,10.149999999999999,11.429166666666667,11.429166666666667
E8922,MEDIUM,7.8116666666666665,9.401666666666667,9.401666666666667,11.7175,14.102500000000001,14.102500000000001
E2888,CRITICAL,12.014999999999999,4.176666666666667,4.176666666666667,48.059999999999995,16.706666666666667,16.706666666666667
E5373,HIGH,7.47,7.47,7.47,18.675,18.675,18.675
E6648,LOW,9.01,9.01,9.01,9.01,9.01,9.01
E4768,LOW,5.045,5.045,5.045,5.045,5.045,5.045
E2923,CRITICAL,5.7,5.7,5.7,22.8,22.8,22.8
E3295,LOW,9.573333333333332,9.573333333333332,9.573333333333332,9.573333333333332,9.573333333333332,9.573333333333332
E9833,HIGH,0.0,0.0,0.0,0.0,0.0,0.0
E8768,LOW,11.331666666666667,12.725,20.10666666666667,11.331666666666667,12.725,20.10666666666667
E4323,CRITICAL,9.748333333333333,8.355,8.355,38.99333333333333,33.42,33.42
E7691,LOW,12.915,12.915,3.3883333333333336,12.915,12.915,3.3883333333333336
E5356,HIGH,2.5733333333333333,2.5733333333333333,2.5733333333333333,6.433333333333334,6.433333333333334,6.433333333333334
E2801,LOW,2.8216666666666668,2.8216666666666668,2.8216666666666668,2.8216666666666668,2.8216666666666668,2.8216666666666668
E6830,HIGH,8.166666666666666,8.166666666666666,8.166666666666666,20.416666666666664,20.416666666666664,20.416666666666664
E8036,LOW,4.906666666666666,6.5649999999999995,6.5649999999999995,4.906666666666666,6.5649999999999995,6.5649999999999995
E6079,LOW,6.295,6.295,6.295,6.295,6.295,6.295
E6752,HIGH,5.1483333333333325,1.47,1.47,12.870833333333332,3.675,3.675
E8734,MEDIUM,16.506666666666668,16.506666666666668,17.384999999999998,24.76,24.76,26.077499999999997
E2895,MEDIUM,3.3233333333333333,3.3233333333333333,3.3233333333333333,4.984999999999999,4.984999999999999,4.984999999999999
E2331,MEDIUM,14.04,14.04,11.29,21.06,21.06,16.935
E7821,MEDIUM,8.983333333333333,8.983333333333333,8.983333333333333,13.474999999999998,13.474999999999998,13.474999999999998
E7867,LOW,13.966666666666667,13.966666666666667,13.966666666666667,13.966666666666667,13.966666666666667,13.966666666666667
E2227,MEDIUM,9.063333333333333,9.063333333333333,9.063333333333333,13.594999999999999,13.594999999999999,13.594999999999999
E3414,HIGH,7.336666666666667,14.075,10.715,18.34166666666667,35.1875,26.7875
E8486,CRITICAL,11.066666666666666,5.3566666666666665,5.3566666666666665,44.266666666666666,21.426666666666666,21.426666666666666
E8510,CRITICAL,14.123333333333333,13.928333333333335,14.123333333333333,56.49333333333333,55.71333333333334,56.49333333333333
E4791,MEDIUM,20.85666666666667,20.85666666666667,20.85666666666667,31.285000000000004,31.285000000000004,31.285000000000004
E9396,LOW,7.003333333333333,8.655,8.655,7.003333333333333,8.655,8.655
E5615,HIGH,11.09,9.438333333333333,9.438333333333333,27.725,23.59583333333333,23.59583333333333
E8615,LOW,3.6533333333333333,3.6533333333333333,3.6533333333333333,3.6533333333333333,3.6533333333333333,3.6533333333333333
E8698,LOW,4.113333333333333,4.113333333333333,4.113333333333333,4.113333333333333,4.113333333333333,4.113333333333333
E2843,CRITICAL,0.25166666666666665,0.25166666666666665,0.25166666666666665,1.0066666666666666,1.0066666666666666,1.0066666666666666
E9021,LOW,8.173333333333334,8.173333333333334,8.173333333333334,8.173333333333334,8.173333333333334,8.173333333333334
E2899,CRITICAL,12.278333333333334,12.278333333333334,12.278333333333334,49.11333333333334,49.11333333333334,49.11333333333334
E2615,MEDIUM,4.166666666666667,4.166666666666667,4.166666666666667,6.25,6.25,6.25
E4110,HIGH,2.828333333333333,2.828333333333333,2.828333333333333,7.070833333333333,7.070833333333333,7.070833333333333
E6743,MEDIUM,12.926666666666668,12.926666666666668,12.926666666666668,19.39,19.39,19.39
E1897,LOW,14.74,14.74,14.74,14.74,14.74,14.74
E2019,HIGH,8.831666666666667,8.831666666666667,8.831666666666667,22.079166666666666,22.079166666666666,22.079166666666666
E3571,MEDIUM,8.695,8.695,8.695,13.0425,13.0425,13.0425
E8499,MEDIUM,5.55,5.55,5.55,8.325,8.325,8.325
E6025,CRITICAL,9.008333333333333,9.008333333333333,9.008333333333333,36.03333333333333,36.03333333333333,36.03333333333333
E9321,LOW,11.378333333333334,11.378333333333334,11.378333333333334,11.378333333333334,11.378333333333334,11.378333333333334
E1489,CRITICAL,9.036666666666667,9.036666666666667,9.036666666666667,36.14666666666667,36.14666666666667,36.14666666666667
E3877,HIGH,9.475,9.475,9.475,23.6875,23.6875,23.6875
E4786,HIGH,0.013333333333333334,0.013333333333333334,0.013333333333333334,0.03333333333333333,0.03333333333333333,0.03333333333333333
E1733,MEDIUM,7.631666666666666,7.631666666666666,7.631666666666666,11.447499999999998,11.447499999999998,11.447499999999998
E2690,MEDIUM,7.176666666666667,7.176666666666667,7.176666666666667,10.765,10.765,10.765
E9279,LOW,8.825,11.245000000000001,11.245000000000001,8.825,11.245000000000001,11.245000000000001
E7934,CRITICAL,10.955,8.535,8.535,43.82,34.14,34.14
E1597,CRITICAL,8.528333333333332,8.528333333333332,8.528333333333332,34.11333333333333,34.11333333333333,34.11333333333333
E4429,MEDIUM,20.884999999999998,20.884999999999998,20.884999999999998,31.327499999999997,31.327499999999997,31.327499999999997
E1774,HIGH,4.775,4.775,4.775,11.9375,11.9375,11.9375
E7897,MEDIUM,8.703333333333335,8.703333333333335,8.703333333333335,13.055000000000003,13.055000000000003,13.055000000000003
E6763,MEDIUM,9.953333333333335,9.953333333333335,9.953333333333335,14.930000000000003,14.930000000000003,14.930000000000003
E5925,MEDIUM,4.861666666666666,4.861666666666666,4.861666666666666,7.2924999999999995,7.2924999999999995,7.2924999999999995
E6153,LOW,7.743333333333334,11.386666666666667,11.386666666666667,7.743333333333334,11.386666666666667,11.386666666666667
E7777,LOW,9.738333333333333,9.738333333333333,9.738333333333333,9.738333333333333,9.738333333333333,9.738333333333333
E2871,HIGH,9.713333333333333,7.331666666666666,7.331666666666666,24.28333333333333,18.329166666666666,18.329166666666666
E4215,LOW,10.718333333333334,10.718333333333334,10.718333333333334,10.718333333333334,10.718333333333334,10.718333333333334
E7682,LOW,5.171666666666667,5.171666666666667,5.171666666666667,5.171666666666667,5.171666666666667,5.171666666666667
E8363,MEDIUM,1.6516666666666666,1.6516666666666666,1.6516666666666666,2.4775,2.4775,2.4775
E1354,HIGH,1.3516666666666666,1.3516666666666666,1.3516666666666666,3.3791666666666664,3.3791666666666664,3.3791666666666664
E3009,HIGH,8.110000000000001,8.110000000000001,10.84,20.275000000000002,20.275000000000002,27.1
E5055,HIGH,11.71,11.71,8.979999999999999,29.275000000000002,29.275000000000002,22.449999999999996
E5415,CRITICAL,8.558333333333334,8.558333333333334,8.558333333333334,34.233333333333334,34.233333333333334,34.233333333333334
E8743,HIGH,14.085,14.085,14.085,35.212500000000006,35.212500000000006,35.212500000000006
E6808,HIGH,9.828333333333335,9.828333333333335,9.828333333333335,24.570833333333336,24.570833333333336,24.570833333333336
E6850,HIGH,2.9716666666666667,2.9716666666666667,2.9716666666666667,7.429166666666667,7.429166666666667,7.429166666666667
E3390,LOW,5.64,5.64,5.64,5.64,5.64,5.64
E3360,MEDIUM,5.473333333333333,5.473333333333333,5.473333333333333,8.209999999999999,8.209999999999999,8.209999999999999
E4006,LOW,10.71,15.545,10.854999999999999,10.71,15.545,10.854999999999999
E5475,HIGH,7.816666666666666,6.363333333333333,6.363333333333333,19.541666666666664,15.908333333333333,15.908333333333333
E1658,MEDIUM,7.466666666666667,7.466666666666667,8.216666666666667,11.2,11.2,12.325
E1428,LOW,3.44,9.44,3.44,3.44,9.44,3.44
E1859,MEDIUM,7.918333333333334,7.918333333333334,10.636666666666667,11.877500000000001,11.877500000000001,15.955
E4740,MEDIUM,10.143333333333334,6.116666666666666,2.3433333333333333,15.215000000000002,9.174999999999999,3.5149999999999997
E4857,HIGH,6.225,6.225,6.225,15.5625,15.5625,15.5625
E3374,MEDIUM,12.633333333333333,12.633333333333333,12.633333333333333,18.95,18.95,18.95
E6633,LOW,14.236666666666668,14.236666666666668,14.236666666666668,14.236666666666668,14.236666666666668,14.236666666666668
E1401,HIGH,12.698333333333332,16.923333333333332,12.698333333333332,31.74583333333333,42.30833333333333,31.74583333333333
E1089,CRITICAL,2.0733333333333333,2.0733333333333333,2.0733333333333333,8.293333333333333,8.293333333333333,8.293333333333333
E7918,CRITICAL,6.691666666666666,5.069999999999999,6.691666666666666,26.766666666666666,20.279999999999998,26.766666666666666
E5692,MEDIUM,15.258333333333333,17.94333333333333,17.94333333333333,22.8875,26.915,26.915
E2877,CRITICAL,17.796666666666667,15.111666666666668,15.111666666666668,71.18666666666667,60.44666666666667,60.44666666666667
E9143,MEDIUM,12.72,12.72,12.72,19.080000000000002,19.080000000000002,19.080000000000002
E1954,CRITICAL,4.543333333333334,4.543333333333334,4.543333333333334,18.173333333333336,18.173333333333336,18.173333333333336
E2017,LOW,11.243333333333334,11.243333333333334,12.095,11.243333333333334,11.243333333333334,12.095
E2056,LOW,16.621666666666666,16.621666666666666,11.79,16.621666666666666,16.621666666666666,11.79
E6634,CRITICAL,10.683333333333334,10.683333333333334,10.683333333333334,42.733333333333334,42.733333333333334,42.733333333333334
E3752,LOW,13.703333333333335,15.385,15.385,13.703333333333335,15.385,15.385
E8263,CRITICAL,16.720000000000002,16.261666666666667,16.261666666666667,66.88000000000001,65.04666666666667,65.04666666666667
E7841,MEDIUM,5.83,5.83,5.83,8.745000000000001,8.745000000000001,8.745000000000001
E8298,LOW,8.711666666666668,8.711666666666668,8.711666666666668,8.711666666666668,8.711666666666668,8.711666666666668
E2787,LOW,8.088333333333333,8.088333333333333,8.088333333333333,8.088333333333333,8.088333333333333,8.088333333333333
E8901,LOW,7.213333333333334,7.213333333333334,7.213333333333334,7.213333333333334,7.213333333333334,7.213333333333334
E4255,LOW,9.665,9.665,9.665,9.665,9.665,9.665
E4901,HIGH,10.59,10.59,10.59,26.475,26.475,26.475
E8284,MEDIUM,5.72,5.72,5.72,8.58,8.58,8.58
E9027,CRITICAL,7.245,7.245,7.245,28.98,28.98,28.98
E5722,LOW,11.0,11.0,11.0,11.0,11.0,11.0
E7202,HIGH,11.086666666666668,11.086666666666668,11.086666666666668,27.71666666666667,27.71666666666667,27.71666666666667
E2394,MEDIUM,5.3966666666666665,5.3966666666666665,5.3966666666666665,8.094999999999999,8.094999999999999,8.094999999999999
E4946,LOW,1.3983333333333334,1.3983333333333334,1.3983333333333334,1.3983333333333334,1.3983333333333334,1.3983333333333334
E9809,HIGH,6.051666666666667,6.051666666666667,6.051666666666667,15.129166666666666,15.129166666666666,15.129166666666666
E7398,MEDIUM,7.298333333333333,7.298333333333333,7.298333333333333,10.9475,10.9475,10.9475
E2609,LOW,5.73,5.73,5.73,5.73,5.73,5.73
E6630,HIGH,9.306666666666667,9.306666666666667,12.561666666666667,23.266666666666666,23.266666666666666,31.40416666666667
E1613,HIGH,11.59,11.59,5.13,28.975,28.975,12.825
E2492,CRITICAL,13.486666666666668,13.486666666666668,13.486666666666668,53.94666666666667,53.94666666666667,53.94666666666667
E7187,MEDIUM,10.038333333333332,10.879999999999999,10.879999999999999,15.057499999999997,16.32,16.32
E6815,LOW,4.951666666666667,5.108333333333333,5.108333333333333,4.951666666666667,5.108333333333333,5.108333333333333
E8143,HIGH,8.218333333333334,7.22,7.22,20.545833333333334,18.05,18.05
E1813,LOW,6.673333333333333,7.116666666666666,7.116666666666666,6.673333333333333,7.116666666666666,7.116666666666666
E9201,MEDIUM,16.931666666666665,16.285,16.931666666666665,25.397499999999997,24.427500000000002,25.397499999999997
E2289,LOW,14.32,15.155,13.193333333333333,14.32,15.155,13.193333333333333
E7269,LOW,3.5050000000000003,5.986666666666666,5.986666666666666,3.5050000000000003,5.986666666666666,5.986666666666666
E6462,HIGH,2.378333333333333,2.378333333333333,2.378333333333333,5.945833333333333,5.945833333333333,5.945833333333333
E6560,CRITICAL,5.275,4.546666666666667,4.546666666666667,21.1,18.186666666666667,18.186666666666667
E4676,LOW,8.128333333333334,8.128333333333334,8.128333333333334,8.128333333333334,8.128333333333334,8.128333333333334
E2300,MEDIUM,13.246666666666666,13.246666666666666,13.246666666666666,19.869999999999997,19.869999999999997,19.869999999999997
E1573,LOW,3.6783333333333332,3.6783333333333332,3.6783333333333332,3.6783333333333332,3.6783333333333332,3.6783333333333332
E6793,CRITICAL,11.888333333333332,11.888333333333332,13.538333333333332,47.55333333333333,47.55333333333333,54.15333333333333
E5631,LOW,13.671666666666665,13.671666666666665,13.671666666666665,13.671666666666665,13.671666666666665,13.671666666666665
E6930,HIGH,11.685,11.685,8.553333333333335,29.212500000000002,29.212500000000002,21.383333333333336
E3121,LOW,7.725,8.923333333333334,8.961666666666668,7.725,8.923333333333334,8.961666666666668
E3212,HIGH,6.066666666666666,4.466666666666667,4.466666666666667,15.166666666666666,11.166666666666668,11.166666666666668
E8294,LOW,9.26,9.26,8.621666666666666,9.26,9.26,8.621666666666666
E6505,CRITICAL,8.91,8.91,8.91,35.64,35.64,35.64
E7567,MEDIUM,2.0683333333333334,2.0683333333333334,2.0683333333333334,3.1025,3.1025,3.1025
E7410,MEDIUM,1.425,1.425,1.425,2.1375,2.1375,2.1375
E7576,LOW,14.598333333333333,18.441666666666666,18.441666666666666,14.598333333333333,18.441666666666666,18.441666666666666
E7245,CRITICAL,6.888333333333334,4.388333333333334,6.888333333333334,27.553333333333335,17.553333333333335,27.553333333333335
E6711,CRITICAL,8.773333333333333,7.6850000000000005,4.371666666666667,35.093333333333334,30.740000000000002,17.486666666666668
E9345,CRITICAL,8.293333333333333,8.293333333333333,8.293333333333333,33.17333333333333,33.17333333333333,33.17333333333333
E7667,HIGH,2.4166666666666665,2.4166666666666665,2.4166666666666665,6.041666666666666,6.041666666666666,6.041666666666666
E5585,HIGH,8.036666666666667,8.036666666666667,8.036666666666667,20.09166666666667,20.09166666666667,20.09166666666667
E4577,HIGH,1.6900000000000002,1.6900000000000002,1.6900000000000002,4.2250000000000005,4.2250000000000005,4.2250000000000005
E5328,CRITICAL,8.391666666666667,8.391666666666667,8.391666666666667,33.56666666666667,33.56666666666667,33.56666666666667
E7489,HIGH,8.751666666666667,8.751666666666667,8.751666666666667,21.879166666666666,21.879166666666666,21.879166666666666
E9375,CRITICAL,4.61,4.61,4.61,18.44,18.44,18.44
E5039,HIGH,7.83,7.83,7.83,19.575,19.575,19.575
E4506,CRITICAL,6.581666666666666,6.581666666666666,6.581666666666666,26.326666666666664,26.326666666666664,26.326666666666664
E9662,CRITICAL,11.120000000000001,11.120000000000001,11.120000000000001,44.480000000000004,44.480000000000004,44.480000000000004
E1084,CRITICAL,12.503333333333334,12.503333333333334,12.503333333333334,50.013333333333335,50.013333333333335,50.013333333333335
E5578,LOW,13.218333333333334,13.218333333333334,13.218333333333334,13.218333333333334,13.218333333333334,13.218333333333334
E5028,HIGH,6.72,6.72,6.72,16.8,16.8,16.8
E2329,MEDIUM,0.0,0.0,0.0,0.0,0.0,0.0
E4781,CRITICAL,3.365,3.365,3.365,13.46,13.46,13.46
E5749,CRITICAL,2.77,2.77,4.636666666666667,11.08,11.08,18.546666666666667
E6694,CRITICAL,6.075,6.075,4.208333333333333,24.3,24.3,16.833333333333332
E2145,MEDIUM,9.231666666666666,9.231666666666666,9.231666666666666,13.847499999999998,13.847499999999998,13.847499999999998
E9828,MEDIUM,10.615,11.381666666666666,11.381666666666666,15.9225,17.072499999999998,17.072499999999998
E1151,CRITICAL,12.504999999999999,11.3,11.3,50.019999999999996,45.2,45.2
E3749,HIGH,5.376666666666667,5.376666666666667,5.376666666666667,13.441666666666666,13.441666666666666,13.441666666666666
E7816,HIGH,1.6833333333333333,1.6833333333333333,1.6833333333333333,4.208333333333333,4.208333333333333,4.208333333333333
E2522,MEDIUM,9.685,9.685,9.685,14.5275,14.5275,14.5275
E2850,HIGH,5.665,5.665,5.665,14.1625,14.1625,14.1625
E7636,CRITICAL,10.436666666666667,10.436666666666667,10.436666666666667,41.74666666666667,41.74666666666667,41.74666666666667
E1646,MEDIUM,3.9566666666666666,3.9566666666666666,3.9566666666666666,5.935,5.935,5.935
E9108,CRITICAL,14.711666666666668,14.711666666666668,14.711666666666668,58.84666666666667,58.84666666666667,58.84666666666667
E5210,CRITICAL,2.4283333333333332,2.4283333333333332,2.4283333333333332,9.713333333333333,9.713333333333333,9.713333333333333
E5045,MEDIUM,11.801666666666668,11.801666666666668,11.801666666666668,17.7025,17.7025,17.7025
E7137,LOW,1.305,1.305,1.305,1.305,1.305,1.305
E4293,CRITICAL,1.46,1.46,1.46,5.84,5.84,5.84
E6245,HIGH,8.973333333333333,8.973333333333333,8.973333333333333,22.43333333333333,22.43333333333333,22.43333333333333
E7379,MEDIUM,10.543333333333333,10.543333333333333,10.543333333333333,15.815,15.815,15.815
E8297,HIGH,3.71,3.71,3.71,9.275,9.275,9.275
E4983,HIGH,7.618333333333334,7.618333333333334,7.618333333333334,19.045833333333334,19.045833333333334,19.045833333333334
E7549,LOW,12.596666666666666,12.596666666666666,12.596666666666666,12.596666666666666,12.596666666666666,12.596666666666666
E6248,HIGH,6.138333333333334,6.138333333333334,6.138333333333334,15.345833333333335,15.345833333333335,15.345833333333335
E4068,MEDIUM,9.463333333333333,9.463333333333333,9.463333333333333,14.195,14.195,14.195
E3346,HIGH,7.033333333333333,7.033333333333333,7.033333333333333,17.583333333333332,17.583333333333332,17.583333333333332
E5554,CRITICAL,2.9366666666666665,2.9366666666666665,2.9366666666666665,11.746666666666666,11.746666666666666,11.746666666666666
E9255,LOW,8.22,8.22,8.22,8.22,8.22,8.22
E6324,HIGH,15.603333333333333,15.603333333333333,15.603333333333333,39.00833333333333,39.00833333333333,39.00833333333333
E2998,MEDIUM,3.36,3.36,3.36,5.04,5.04,5.04
E9666,LOW,10.431666666666667,10.431666666666667,12.115,10.431666666666667,10.431666666666667,12.115
E1364,LOW,5.986666666666666,5.986666666666666,4.291666666666667,5.986666666666666,5.986666666666666,4.291666666666667
E9425,CRITICAL,10.988333333333333,10.988333333333333,10.988333333333333,43.95333333333333,43.95333333333333,43.95333333333333
E3877,HIGH,21.551666666666666,21.551666666666666,21.551666666666666,53.87916666666666,53.87916666666666,53.87916666666666
E5408,HIGH,8.805,8.805,8.805,22.0125,22.0125,22.0125
E6543,CRITICAL,8.918333333333333,8.918333333333333,8.918333333333333,35.67333333333333,35.67333333333333,35.67333333333333
E8118,HIGH,5.995,5.995,7.048333333333333,14.9875,14.9875,17.620833333333334
E1892,HIGH,6.34,6.34,4.625,15.85,15.85,11.5625
E5804,MEDIUM,6.836666666666667,6.836666666666667,6.836666666666667,10.255,10.255,10.255
E1372,HIGH,7.153333333333333,7.153333333333333,7.153333333333333,17.883333333333333,17.883333333333333,17.883333333333333
E8239,LOW,8.975,8.975,8.975,8.975,8.975,8.975
E9702,LOW,10.283333333333333,10.891666666666667,10.891666666666667,10.283333333333333,10.891666666666667,10.891666666666667
E7499,CRITICAL,13.116666666666667,12.846666666666666,12.846666666666666,52.46666666666667,51.38666666666666,51.38666666666666
E1971,CRITICAL,6.545,6.545,6.545,26.18,26.18,26.18
E4082,CRITICAL,5.741666666666666,5.741666666666666,11.721666666666666,22.966666666666665,22.966666666666665,46.88666666666666
E3095,LOW,12.235000000000001,12.235000000000001,12.235000000000001,12.235000000000001,12.235000000000001,12.235000000000001
E9970,CRITICAL,12.325,12.325,5.431666666666667,49.3,49.3,21.726666666666667
E8227,LOW,6.944999999999999,6.944999999999999,6.944999999999999,6.944999999999999,6.944999999999999,6.944999999999999
E4224,HIGH,3.8516666666666666,3.8516666666666666,4.96,9.629166666666666,9.629166666666666,12.4
E8345,LOW,10.645000000000001,10.645000000000001,7.763333333333334,10.645000000000001,10.645000000000001,7.763333333333334
E9147,LOW,0.6133333333333333,0.6133333333333333,0.6133333333333333,0.6133333333333333,0.6133333333333333,0.6133333333333333
E3852,CRITICAL,0.8166666666666667,0.8166666666666667,0.8166666666666667,3.2666666666666666,3.2666666666666666,3.2666666666666666
E9207,LOW,7.233333333333333,7.233333333333333,7.233333333333333,7.233333333333333,7.233333333333333,7.233333333333333
E9728,CRITICAL,4.6016666666666675,4.6016666666666675,4.6016666666666675,18.40666666666667,18.40666666666667,18.40666666666667
E8561,LOW,7.133333333333334,10.635,7.133333333333334,7.133333333333334,10.635,7.133333333333334
E4377,HIGH,19.386666666666667,18.446666666666665,19.386666666666667,48.46666666666667,46.11666666666666,48.46666666666667
E8820,HIGH,3.5166666666666666,8.57,3.5166666666666666,8.791666666666666,21.425,8.791666666666666
E3129,CRITICAL,12.17,12.068333333333333,12.17,48.68,48.27333333333333,48.68
E3917,HIGH,6.4399999999999995,8.036666666666667,6.4399999999999995,16.099999999999998,20.09166666666667,16.099999999999998
E1964,LOW,8.67,8.67,8.67,8.67,8.67,8.67
E4008,CRITICAL,5.8149999999999995,5.8149999999999995,5.8149999999999995,23.259999999999998,23.259999999999998,23.259999999999998
E9386,HIGH,10.66,10.66,10.66,26.65,26.65,26.65
E6262,LOW,7.786666666666666,11.043333333333333,11.043333333333333,7.786666666666666,11.043333333333333,11.043333333333333
E7057,MEDIUM,23.621666666666666,20.348333333333336,20.348333333333336,35.4325,30.522500000000004,30.522500000000004
E7912,HIGH,7.9350000000000005,7.9350000000000005,7.9350000000000005,19.837500000000002,19.837500000000002,19.837500000000002
E7352,HIGH,4.3149999999999995,4.3149999999999995,4.3149999999999995,10.787499999999998,10.787499999999998,10.787499999999998
E3571,MEDIUM,7.915,7.915,7.915,11.8725,11.8725,11.8725
E6937,CRITICAL,7.668333333333334,7.668333333333334,7.668333333333334,30.673333333333336,30.673333333333336,30.673333333333336
E2877,CRITICAL,2.9116666666666666,2.9116666666666666,2.9116666666666666,11.646666666666667,11.646666666666667,11.646666666666667
E2581,MEDIUM,4.415,4.415,4.415,6.6225000000000005,6.6225000000000005,6.6225000000000005
E1548,MEDIUM,10.186666666666667,10.186666666666667,10.186666666666667,15.280000000000001,15.280000000000001,15.280000000000001
E8411,CRITICAL,6.1899999999999995,6.1899999999999995,6.1899999999999995,24.759999999999998,24.759999999999998,24.759999999999998
E9723,MEDIUM,12.488333333333333,13.603333333333333,13.603333333333333,18.7325,20.405,20.405
E1079,HIGH,9.943333333333333,5.921666666666667,5.921666666666667,24.858333333333334,14.804166666666667,14.804166666666667
E4680,LOW,2.65,2.65,2.65,2.65,2.65,2.65
E1814,CRITICAL,7.605,7.605,7.605,30.42,30.42,30.42
E7558,HIGH,17.926666666666666,17.926666666666666,17.926666666666666,44.81666666666666,44.81666666666666,44.81666666666666
E7469,HIGH,12.888333333333332,12.888333333333332,12.888333333333332,32.22083333333333,32.22083333333333,32.22083333333333
E2244,MEDIUM,5.255,5.255,5.255,7.8825,7.8825,7.8825
E8371,LOW,9.736666666666668,9.736666666666668,9.736666666666668,9.736666666666668,9.736666666666668,9.736666666666668
E6555,CRITICAL,10.28,10.28,11.148333333333333,41.12,41.12,44.593333333333334
E1768,MEDIUM,11.018333333333334,11.018333333333334,7.423333333333333,16.527500000000003,16.527500000000003,11.135
E6315,CRITICAL,10.533333333333333,10.533333333333333,10.533333333333333,42.13333333333333,42.13333333333333,42.13333333333333
E7820,CRITICAL,7.2733333333333325,7.2733333333333325,7.2733333333333325,29.09333333333333,29.09333333333333,29.09333333333333
E3452,HIGH,6.175,6.175,6.175,15.4375,15.4375,15.4375
E7016,HIGH,1.6816666666666669,1.6816666666666669,1.6816666666666669,4.2041666666666675,4.2041666666666675,4.2041666666666675
E1021,LOW,8.505,8.505,8.505,8.505,8.505,8.505
E6256,HIGH,6.04,6.04,6.04,15.1,15.1,15.1
E4567,HIGH,3.5483333333333333,3.5483333333333333,3.5483333333333333,8.870833333333334,8.870833333333334,8.870833333333334
E6431,HIGH,8.751666666666667,8.751666666666667,10.764999999999999,21.879166666666666,21.879166666666666,26.912499999999998
E2657,HIGH,9.96,9.96,4.16,24.900000000000002,24.900000000000002,10.4
E5348,LOW,6.546666666666667,6.546666666666667,6.546666666666667,6.546666666666667,6.546666666666667,6.546666666666667
E9117,CRITICAL,4.6,4.6,4.6,18.4,18.4,18.4
E1747,HIGH,8.368333333333334,8.368333333333334,8.368333333333334,20.920833333333334,20.920833333333334,20.920833333333334
E1751,HIGH,8.983333333333333,8.983333333333333,8.983333333333333,22.458333333333332,22.458333333333332,22.458333333333332
E2432,CRITICAL,6.3533333333333335,6.3533333333333335,6.3533333333333335,25.413333333333334,25.413333333333334,25.413333333333334
E6196,HIGH,10.485000000000001,10.485000000000001,10.485000000000001,26.212500000000002,26.212500000000002,26.212500000000002
E2143,LOW,7.506666666666666,7.506666666666666,7.506666666666666,7.506666666666666,7.506666666666666,7.506666666666666
E1934,MEDIUM,7.118333333333334,7.118333333333334,7.118333333333334,10.677500000000002,10.677500000000002,10.677500000000002
E2927,HIGH,10.613333333333333,10.613333333333333,10.613333333333333,26.53333333333333,26.53333333333333,26.53333333333333
E1571,LOW,1.59,1.59,1.59,1.59,1.59,1.59
E5038,MEDIUM,8.91,12.953333333333335,16.688333333333333,13.365,19.430000000000003,25.0325
E5194,MEDIUM,5.3133333333333335,11.576666666666666,5.3133333333333335,7.970000000000001,17.365,7.970000000000001
E2852,CRITICAL,16.381666666666668,10.360000000000001,10.360000000000001,65.52666666666667,41.440000000000005,41.440000000000005
E9173,HIGH,10.973333333333333,10.973333333333333,10.973333333333333,27.43333333333333,27.43333333333333,27.43333333333333
E4369,LOW,17.121666666666666,18.84,18.84,17.121666666666666,18.84,18.84
E6260,HIGH,18.228333333333335,10.693333333333333,10.693333333333333,45.57083333333334,26.733333333333334,26.733333333333334
E5333,CRITICAL,1.075,1.075,1.075,4.3,4.3,4.3
E6823,LOW,8.788333333333332,11.211666666666668,11.211666666666668,8.788333333333332,11.211666666666668,11.211666666666668
E1036,CRITICAL,16.35,14.44,14.44,65.4,57.76,57.76
E4254,LOW,6.428333333333333,6.428333333333333,6.428333333333333,6.428333333333333,6.428333333333333,6.428333333333333
E1494,MEDIUM,10.74,10.74,10.74,16.11,16.11,16.11
E3586,HIGH,7.078333333333333,7.078333333333333,7.078333333333333,17.695833333333333,17.695833333333333,17.695833333333333
E3070,CRITICAL,3.7883333333333336,3.7883333333333336,3.7883333333333336,15.153333333333334,15.153333333333334,15.153333333333334
E7748,HIGH,12.573333333333332,12.573333333333332,12.573333333333332,31.43333333333333,31.43333333333333,31.43333333333333
E8654,HIGH,12.618333333333334,12.618333333333334,12.618333333333334,31.545833333333334,31.545833333333334,31.545833333333334
E1491,CRITICAL,0.0,0.0,0.0,0.0,0.0,0.0
E5723,LOW,1.6216666666666666,1.6216666666666666,1.6216666666666666,1.6216666666666666,1.6216666666666666,1.6216666666666666
E6331,CRITICAL,10.278333333333334,10.278333333333334,10.278333333333334,41.11333333333334,41.11333333333334,41.11333333333334
E7993,LOW,2.74,2.74,2.74,2.74,2.74,2.74
E1647,CRITICAL,6.776666666666667,6.776666666666667,6.776666666666667,27.10666666666667,27.10666666666667,27.10666666666667
E6804,LOW,11.526666666666667,11.526666666666667,11.526666666666667,11.526666666666667,11.526666666666667,11.526666666666667
E8801,CRITICAL,5.471666666666667,5.471666666666667,5.471666666666667,21.886666666666667,21.886666666666667,21.886666666666667
E8920,LOW,17.78166666666667,20.07,20.07,17.78166666666667,20.07,20.07
E6200,HIGH,14.063333333333333,9.018333333333334,9.018333333333334,35.15833333333333,22.545833333333334,22.545833333333334
E3903,HIGH,12.815,12.815,12.815,32.0375,32.0375,32.0375
E7764,HIGH,9.965,9.965,9.965,24.9125,24.9125,24.9125
E1636,HIGH,4.930000000000001,4.930000000000001,4.930000000000001,12.325000000000001,12.325000000000001,12.325000000000001
E8439,LOW,8.826666666666666,11.523333333333333,11.523333333333333,8.826666666666666,11.523333333333333,11.523333333333333
E5422,MEDIUM,13.533333333333333,10.754999999999999,10.754999999999999,20.3,16.1325,16.1325
E5750,LOW,7.925,7.925,7.925,7.925,7.925,7.925
E1570,HIGH,4.515,4.515,4.515,11.2875,11.2875,11.2875
E3675,MEDIUM,12.198333333333332,13.771666666666667,13.771666666666667,18.2975,20.6575,20.6575
E4497,CRITICAL,14.863333333333333,1.4416666666666667,1.4416666666666667,59.45333333333333,5.766666666666667,5.766666666666667
E4266,MEDIUM,4.826666666666667,10.354999999999999,10.354999999999999,7.24,15.532499999999999,15.532499999999999
E7378,LOW,17.953333333333333,18.05666666666667,18.05666666666667,17.953333333333333,18.05666666666667,18.05666666666667
E2319,CRITICAL,10.206666666666667,4.965,4.965,40.82666666666667,19.86,19.86
E2744,HIGH,7.316666666666666,7.316666666666666,7.316666666666666,18.291666666666664,18.291666666666664,18.291666666666664
E5648,CRITICAL,6.083333333333333,6.083333333333333,6.083333333333333,24.333333333333332,24.333333333333332,24.333333333333332
E3969,HIGH,12.611666666666668,12.611666666666668,12.611666666666668,31.52916666666667,31.52916666666667,31.52916666666667
E9451,HIGH,8.153333333333332,8.153333333333332,8.153333333333332,20.383333333333333,20.383333333333333,20.383333333333333
E7190,HIGH,5.545,5.545,5.545,13.8625,13.8625,13.8625
E1986,MEDIUM,13.486666666666668,13.486666666666668,13.486666666666668,20.230000000000004,20.230000000000004,20.230000000000004
E3122,HIGH,3.2883333333333336,10.113333333333333,3.2883333333333336,8.220833333333333,25.28333333333333,8.220833333333333
E7974,CRITICAL,8.088333333333333,7.068333333333333,8.088333333333333,32.35333333333333,28.273333333333333,32.35333333333333
E3017,HIGH,9.021666666666667,9.021666666666667,9.021666666666667,22.554166666666667,22.554166666666667,22.554166666666667
E5863,LOW,7.193333333333333,11.683333333333334,11.683333333333334,7.193333333333333,11.683333333333334,11.683333333333334
E9508,CRITICAL,8.361666666666666,7.215,7.215,33.446666666666665,28.86,28.86
E7434,HIGH,10.583333333333334,7.239999999999999,7.239999999999999,26.458333333333336,18.099999999999998,18.099999999999998
E3067,MEDIUM,4.623333333333333,4.623333333333333,4.623333333333333,6.935,6.935,6.935
E2437,LOW,10.991666666666667,10.991666666666667,10.991666666666667,10.991666666666667,10.991666666666667,10.991666666666667
E9697,HIGH,19.23,19.23,19.23,48.075,48.075,48.075
E8869,MEDIUM,8.135,8.135,8.135,12.2025,12.2025,12.2025
E6582,HIGH,5.34,5.34,5.34,13.35,13.35,13.35
E1920,MEDIUM,8.893333333333334,8.893333333333334,8.893333333333334,13.340000000000002,13.340000000000002,13.340000000000002
E7307,LOW,12.428333333333335,12.428333333333335,12.6,12.428333333333335,12.428333333333335,12.6
E1770,MEDIUM,6.595,6.595,6.595,9.8925,9.8925,9.8925
E3052,LOW,22.746666666666666,22.746666666666666,21.628333333333334,22.746666666666666,22.746666666666666,21.628333333333334
E1376,CRITICAL,7.323333333333333,7.323333333333333,9.528333333333334,29.293333333333333,29.293333333333333,38.11333333333334
E1468,MEDIUM,25.63,25.63,25.63,38.445,38.445,38.445
E9332,CRITICAL,17.728333333333335,17.728333333333335,12.7,70.91333333333334,70.91333333333334,50.8
E9385,MEDIUM,11.565,16.654999999999998,16.654999999999998,17.3475,24.982499999999995,24.982499999999995
E9148,CRITICAL,7.2283333333333335,4.17,4.17,28.913333333333334,16.68,16.68
E6469,HIGH,11.068333333333333,11.068333333333333,11.068333333333333,27.670833333333334,27.670833333333334,27.670833333333334
E2727,LOW,6.095,6.095,6.095,6.095,6.095,6.095
E2444,HIGH,7.411666666666666,7.411666666666666,7.411666666666666,18.529166666666665,18.529166666666665,18.529166666666665
E6812,HIGH,12.993333333333334,12.993333333333334,12.993333333333334,32.483333333333334,32.483333333333334,32.483333333333334
E2797,LOW,2.8833333333333333,2.8833333333333333,2.8833333333333333,2.8833333333333333,2.8833333333333333,2.8833333333333333
E1875,LOW,5.466666666666667,5.466666666666667,5.466666666666667,5.466666666666667,5.466666666666667,5.466666666666667
E8423,MEDIUM,2.5116666666666663,2.5116666666666663,2.5116666666666663,3.767499999999999,3.767499999999999,3.767499999999999
E9391,HIGH,8.726666666666667,9.026666666666667,9.026666666666667,21.816666666666666,22.56666666666667,22.56666666666667
E6670,LOW,8.185,8.376666666666667,8.376666666666667,8.185,8.376666666666667,8.376666666666667
E6716,CRITICAL,13.441666666666666,9.728333333333333,9.728333333333333,53.766666666666666,38.913333333333334,38.913333333333334
E6228,HIGH,12.318333333333333,12.318333333333333,12.318333333333333,30.795833333333334,30.795833333333334,30.795833333333334
E6463,LOW,7.033333333333333,7.033333333333333,7.033333333333333,7.033333333333333,7.033333333333333,7.033333333333333
E9099,CRITICAL,7.873333333333333,7.873333333333333,7.873333333333333,31.493333333333332,31.493333333333332,31.493333333333332
E1529,LOW,13.26,16.556666666666665,16.556666666666665,13.26,16.556666666666665,16.556666666666665
E1984,MEDIUM,12.916666666666666,9.620000000000001,9.620000000000001,19.375,14.430000000000001,14.430000000000001
E4536,MEDIUM,12.84,12.84,12.84,19.259999999999998,19.259999999999998,19.259999999999998
E1225,HIGH,2.621666666666667,2.621666666666667,2.621666666666667,6.554166666666667,6.554166666666667,6.554166666666667
E6232,CRITICAL,9.74,9.74,9.74,38.96,38.96,38.96
E1092,LOW,10.348333333333333,10.348333333333333,10.348333333333333,10.348333333333333,10.348333333333333,10.348333333333333
E4479,CRITICAL,6.165,6.165,6.165,24.66,24.66,24.66
E1913,LOW,12.803333333333335,12.803333333333335,12.803333333333335,12.803333333333335,12.803333333333335,12.803333333333335
E8020,MEDIUM,5.515,5.515,5.515,8.272499999999999,8.272499999999999,8.272499999999999
E2255,CRITICAL,5.735,5.735,5.735,22.94,22.94,22.94
E3319,LOW,9.075,9.075,9.075,9.075,9.075,9.075
E9329,HIGH,10.860000000000001,10.860000000000001,10.860000000000001,27.150000000000002,27.150000000000002,27.150000000000002
E4218,CRITICAL,6.706666666666666,6.706666666666666,6.706666666666666,26.826666666666664,26.826666666666664,26.826666666666664
E7176,LOW,9.216666666666667,9.216666666666667,9.216666666666667,9.216666666666667,9.216666666666667,9.216666666666667
E4041,LOW,3.9983333333333335,3.9983333333333335,3.9983333333333335,3.9983333333333335,3.9983333333333335,3.9983333333333335
E1146,HIGH,6.475,6.475,6.475,16.1875,16.1875,16.1875
E3501,HIGH,9.063333333333333,9.063333333333333,9.063333333333333,22.65833333333333,22.65833333333333,22.65833333333333
E5603,LOW,6.5616666666666665,6.5616666666666665,6.5616666666666665,6.5616666666666665,6.5616666666666665,6.5616666666666665
E1809,HIGH,3.92,3.92,3.92,9.8,9.8,9.8
E4720,LOW,9.473333333333333,9.473333333333333,9.473333333333333,9.473333333333333,9.473333333333333,9.473333333333333
E6992,CRITICAL,10.835,10.835,10.835,43.34,43.34,43.34
E3440,MEDIUM,7.048333333333333,7.048333333333333,7.048333333333333,10.5725,10.5725,10.5725
E6497,MEDIUM,6.668333333333334,6.668333333333334,6.668333333333334,10.002500000000001,10.002500000000001,10.002500000000001
E9748,LOW,9.345,9.345,9.345,9.345,9.345,9.345
E9247,HIGH,3.256666666666667,3.256666666666667,3.256666666666667,8.141666666666667,8.141666666666667,8.141666666666667
E6055,CRITICAL,9.031666666666666,9.031666666666666,9.031666666666666,36.126666666666665,36.126666666666665,36.126666666666665
E2032,LOW,6.308333333333334,6.308333333333334,6.308333333333334,6.308333333333334,6.308333333333334,6.308333333333334
E5132,MEDIUM,12.488333333333333,13.238333333333333,13.238333333333333,18.7325,19.8575,19.8575
E7574,CRITICAL,4.3566666666666665,4.3566666666666665,4.3566666666666665,17.426666666666666,17.426666666666666,17.426666666666666
E7362,HIGH,14.345,9.879999999999999,9.879999999999999,35.862500000000004,24.699999999999996,24.699999999999996
E5737,CRITICAL,6.12,6.12,6.12,24.48,24.48,24.48
E3363,LOW,8.535,8.535,8.535,8.535,8.535,8.535
E3089,HIGH,4.888333333333334,4.888333333333334,4.888333333333334,12.220833333333335,12.220833333333335,12.220833333333335
E7414,CRITICAL,11.001666666666667,11.001666666666667,11.001666666666667,44.00666666666667,44.00666666666667,44.00666666666667
E6008,LOW,8.611666666666668,8.611666666666668,8.961666666666668,8.611666666666668,8.611666666666668,8.961666666666668
E6162,LOW,9.004999999999999,9.004999999999999,0.3333333333333333,9.004999999999999,9.004999999999999,0.3333333333333333
E4968,CRITICAL,6.043333333333334,6.043333333333334,6.043333333333334,24.173333333333336,24.173333333333336,24.173333333333336
E1422,HIGH,7.215,7.215,7.215,18.0375,18.0375,18.0375
E1104,HIGH,1.7816666666666667,1.7816666666666667,1.7816666666666667,4.454166666666667,4.454166666666667,4.454166666666667
E6618,MEDIUM,4.883333333333334,4.883333333333334,7.986666666666666,7.325000000000001,7.325000000000001,11.98
E7150,MEDIUM,10.573333333333332,10.573333333333332,20.0,15.86,15.86,30.0
E9806,MEDIUM,23.598333333333336,23.598333333333336,9.231666666666666,35.39750000000001,35.39750000000001,13.847499999999998
E9733,CRITICAL,6.37,6.37,6.37,25.48,25.48,25.48
E2430,CRITICAL,2.93,2.93,2.93,11.72,11.72,11.72
E9077,CRITICAL,8.323333333333332,8.323333333333332,8.323333333333332,33.29333333333333,33.29333333333333,33.29333333333333
E5942,MEDIUM,6.861666666666666,6.861666666666666,6.861666666666666,10.2925,10.2925,10.2925
E1928,MEDIUM,4.278333333333333,5.285,5.285,6.4175,7.9275,7.9275
E7636,HIGH,13.376666666666667,10.645000000000001,10.645000000000001,33.44166666666667,26.612500000000004,26.612500000000004
E9305,MEDIUM,3.94,10.988333333333333,10.988333333333333,5.91,16.4825,16.4825
E3191,CRITICAL,14.385,2.685,2.685,57.54,10.74,10.74
E4385,CRITICAL,10.406666666666666,10.406666666666666,10.406666666666666,41.626666666666665,41.626666666666665,41.626666666666665
E1095,HIGH,7.489999999999999,7.489999999999999,7.489999999999999,18.724999999999998,18.724999999999998,18.724999999999998
E9719,MEDIUM,8.498333333333333,8.498333333333333,9.323333333333332,12.747499999999999,12.747499999999999,13.985
E5537,MEDIUM,9.065,9.065,6.3566666666666665,13.5975,13.5975,9.535
E7271,HIGH,12.568333333333333,12.568333333333333,12.568333333333333,31.420833333333334,31.420833333333334,31.420833333333334
E9439,HIGH,11.85,11.85,11.85,29.625,29.625,29.625
E8691,MEDIUM,13.295,13.295,13.295,19.9425,19.9425,19.9425
E7987,CRITICAL,12.841666666666667,12.841666666666667,12.841666666666667,51.36666666666667,51.36666666666667,51.36666666666667
E5395,MEDIUM,13.17,13.17,13.17,19.755,19.755,19.755
E9322,HIGH,9.108333333333333,9.108333333333333,9.108333333333333,22.770833333333332,22.770833333333332,22.770833333333332
E7532,HIGH,8.598333333333333,8.598333333333333,8.598333333333333,21.49583333333333,21.49583333333333,21.49583333333333
E8911,LOW,14.126666666666667,14.185,14.185,14.126666666666667,14.185,14.185
E6438,HIGH,11.503333333333334,11.445,11.445,28.758333333333333,28.6125,28.6125
E8732,CRITICAL,12.603333333333333,12.603333333333333,12.603333333333333,50.413333333333334,50.413333333333334,50.413333333333334
E4342,CRITICAL,5.136666666666667,5.136666666666667,5.136666666666667,20.546666666666667,20.546666666666667,20.546666666666667
E2433,HIGH,7.455,7.455,7.455,18.6375,18.6375,18.6375
E7834,LOW,8.601666666666667,8.601666666666667,12.383333333333333,8.601666666666667,8.601666666666667,12.383333333333333
E9897,MEDIUM,9.031666666666666,9.031666666666666,9.031666666666666,13.5475,13.5475,13.5475
E1979,LOW,15.393333333333334,15.393333333333334,9.004999999999999,15.393333333333334,15.393333333333334,9.004999999999999
E3962,MEDIUM,3.5833333333333335,5.795,5.795,5.375,8.692499999999999,8.692499999999999
E9969,CRITICAL,9.393333333333334,7.8566666666666665,7.8566666666666665,37.57333333333334,31.426666666666666,31.426666666666666
E1644,CRITICAL,3.558333333333333,3.558333333333333,3.558333333333333,14.233333333333333,14.233333333333333,14.233333333333333
E3250,MEDIUM,5.215,5.215,5.215,7.8225,7.8225,7.8225
E9869,CRITICAL,9.096666666666666,9.096666666666666,9.096666666666666,36.38666666666666,36.38666666666666,36.38666666666666
E9300,MEDIUM,13.91,13.91,13.91,20.865000000000002,20.865000000000002,20.865000000000002
E4805,LOW,12.421666666666665,20.28666666666667,20.28666666666667,12.421666666666665,20.28666666666667,20.28666666666667
E8917,HIGH,0.0,0.0,0.0,0.0,0.0,0.0
E3525,MEDIUM,20.358333333333334,12.493333333333334,12.493333333333334,30.5375,18.740000000000002,18.740000000000002
E8813,MEDIUM,5.91,5.91,8.256666666666666,8.865,8.865,12.384999999999998
E2590,MEDIUM,12.66,12.66,9.208333333333334,18.990000000000002,18.990000000000002,13.8125
E5722,LOW,7.95,7.95,7.95,7.95,7.95,7.95
E1857,MEDIUM,9.851666666666667,14.764999999999999,18.46333333333333,14.7775,22.147499999999997,27.694999999999997
E7860,HIGH,10.206666666666667,5.391666666666667,5.391666666666667,25.516666666666666,13.479166666666666,13.479166666666666
E3882,MEDIUM,13.323333333333332,13.323333333333332,9.625,19.985,19.985,14.4375
E3099,MEDIUM,8.973333333333333,8.973333333333333,9.836666666666668,13.459999999999999,13.459999999999999,14.755000000000003
E2629,LOW,11.153333333333334,11.153333333333334,5.878333333333333,11.153333333333334,11.153333333333334,5.878333333333333
E5089,LOW,6.15,6.15,6.925,6.15,6.15,6.925
E2608,MEDIUM,7.403333333333333,12.576666666666666,12.576666666666666,11.105,18.865,18.865
E5733,CRITICAL,13.378333333333334,8.205,8.205,53.513333333333335,32.82,32.82
E7065,LOW,8.471666666666668,8.471666666666668,8.471666666666668,8.471666666666668,8.471666666666668,8.471666666666668
E6731,MEDIUM,11.845,11.845,11.845,17.767500000000002,17.767500000000002,17.767500000000002
E6016,HIGH,3.728333333333333,8.261666666666667,8.261666666666667,9.320833333333333,20.65416666666667,20.65416666666667
E3632,CRITICAL,11.271666666666667,7.831666666666666,7.831666666666666,45.086666666666666,31.326666666666664,31.326666666666664
E9169,LOW,4.84,9.835,9.835,4.84,9.835,9.835
E9782,LOW,8.393333333333334,8.393333333333334,8.393333333333334,8.393333333333334,8.393333333333334,8.393333333333334
E4523,MEDIUM,8.856666666666666,3.4583333333333335,3.4583333333333335,13.284999999999998,5.1875,5.1875
E9116,LOW,8.981666666666666,11.038333333333332,11.411666666666667,8.981666666666666,11.038333333333332,11.411666666666667
E6569,LOW,8.721666666666666,11.883333333333333,8.721666666666666,8.721666666666666,11.883333333333333,8.721666666666666
E1534,CRITICAL,11.688333333333333,9.258333333333333,9.258333333333333,46.75333333333333,37.03333333333333,37.03333333333333
E4597,HIGH,7.118333333333334,7.803333333333333,7.803333333333333,17.795833333333334,19.508333333333333,19.508333333333333
E6127,LOW,4.989999999999999,13.598333333333333,13.598333333333333,4.989999999999999,13.598333333333333,13.598333333333333
E5220,CRITICAL,16.24,5.54,5.54,64.96,22.16,22.16
E9425,CRITICAL,6.77,6.77,6.77,27.08,27.08,27.08
E3355,LOW,3.96,3.96,3.96,3.96,3.96,3.96
E6691,LOW,8.968333333333334,8.968333333333334,8.968333333333334,8.968333333333334,8.968333333333334,8.968333333333334
E4917,MEDIUM,7.546666666666667,7.546666666666667,7.546666666666667,11.32,11.32,11.32
E6020,HIGH,5.403333333333333,5.403333333333333,5.403333333333333,13.508333333333333,13.508333333333333,13.508333333333333
E6586,LOW,8.29,8.29,8.29,8.29,8.29,8.29
E5037,LOW,7.385000000000001,17.945,7.385000000000001,7.385000000000001,17.945,7.385000000000001
E2938,CRITICAL,2.2233333333333336,2.2233333333333336,2.2233333333333336,8.893333333333334,8.893333333333334,8.893333333333334
E2271,HIGH,11.538333333333332,11.088333333333333,11.538333333333332,28.84583333333333,27.72083333333333,28.84583333333333
E6798,HIGH,2.235,2.235,2.235,5.5874999999999995,5.5874999999999995,5.5874999999999995
E5753,CRITICAL,9.811666666666667,9.811666666666667,9.811666666666667,39.24666666666667,39.24666666666667,39.24666666666667
E4753,CRITICAL,3.3616666666666664,3.3616666666666664,3.3616666666666664,13.446666666666665,13.446666666666665,13.446666666666665
E1438,LOW,5.0633333333333335,5.0633333333333335,5.0633333333333335,5.0633333333333335,5.0633333333333335,5.0633333333333335
E1897,MEDIUM,3.7849999999999997,3.7849999999999997,3.7849999999999997,5.677499999999999,5.677499999999999,5.677499999999999
E8816,CRITICAL,17.096666666666668,17.096666666666668,17.096666666666668,68.38666666666667,68.38666666666667,68.38666666666667
E1803,HIGH,7.448333333333333,7.448333333333333,10.158333333333333,18.620833333333334,18.620833333333334,25.395833333333332
E9605,HIGH,10.618333333333334,10.618333333333334,10.931666666666667,26.545833333333334,26.545833333333334,27.329166666666666
E6960,MEDIUM,12.558333333333334,12.558333333333334,6.678333333333333,18.8375,18.8375,10.017499999999998
E9482,CRITICAL,4.903333333333333,4.903333333333333,4.903333333333333,19.613333333333333,19.613333333333333,19.613333333333333
E4935,MEDIUM,5.5600000000000005,5.5600000000000005,5.5600000000000005,8.34,8.34,8.34
E4605,LOW,10.433333333333334,10.433333333333334,10.433333333333334,10.433333333333334,10.433333333333334,10.433333333333334
E4742,LOW,4.928333333333333,4.928333333333333,4.928333333333333,4.928333333333333,4.928333333333333,4.928333333333333
E9417,CRITICAL,5.5616666666666665,5.5616666666666665,5.5616666666666665,22.246666666666666,22.246666666666666,22.246666666666666
E4587,CRITICAL,12.303333333333335,12.303333333333335,12.303333333333335,49.21333333333334,49.21333333333334,49.21333333333334
E9923,LOW,8.048333333333334,8.693333333333333,8.693333333333333,8.048333333333334,8.693333333333333,8.693333333333333
E4672,LOW,14.785,14.785,14.785,14.785,14.785,14.785
E7288,CRITICAL,7.303333333333333,3.885,3.885,29.21333333333333,15.54,15.54
E5733,CRITICAL,5.831666666666666,5.831666666666666,5.831666666666666,23.326666666666664,23.326666666666664,23.326666666666664
E3529,MEDIUM,1.9349999999999998,1.9349999999999998,1.9349999999999998,2.9025,2.9025,2.9025
E7809,HIGH,5.97,5.97,5.97,14.924999999999999,14.924999999999999,14.924999999999999
E6272,HIGH,7.42,7.42,7.42,18.55,18.55,18.55
E1136,MEDIUM,9.71,9.71,9.71,14.565000000000001,14.565000000000001,14.565000000000001
E9984,HIGH,13.911666666666667,13.911666666666667,13.911666666666667,34.77916666666667,34.77916666666667,34.77916666666667
E1772,CRITICAL,4.173333333333334,4.173333333333334,11.948333333333332,16.693333333333335,16.693333333333335,47.79333333333333
E3640,CRITICAL,14.29,14.29,11.341666666666667,57.16,57.16,45.36666666666667
E1507,CRITICAL,11.436666666666667,11.436666666666667,5.913333333333333,45.74666666666667,45.74666666666667,23.653333333333332
E9679,LOW,6.033333333333333,6.033333333333333,6.033333333333333,6.033333333333333,6.033333333333333,6.033333333333333
E2482,CRITICAL,8.161666666666667,8.161666666666667,8.161666666666667,32.64666666666667,32.64666666666667,32.64666666666667
E4253,MEDIUM,6.086666666666667,6.086666666666667,6.086666666666667,9.13,9.13,9.13
E9066,LOW,1.77,1.77,3.9716666666666667,1.77,1.77,3.9716666666666667
E8071,LOW,5.656666666666666,5.656666666666666,3.4050000000000002,5.656666666666666,5.656666666666666,3.4050000000000002
E5870,HIGH,5.323333333333333,5.323333333333333,5.323333333333333,13.308333333333334,13.308333333333334,13.308333333333334
E5995,CRITICAL,10.041666666666666,10.041666666666666,10.041666666666666,40.166666666666664,40.166666666666664,40.166666666666664
E7344,CRITICAL,6.0649999999999995,6.0649999999999995,6.0649999999999995,24.259999999999998,24.259999999999998,24.259999999999998
E5164,MEDIUM,11.175,11.175,11.175,16.762500000000003,16.762500000000003,16.762500000000003
E8856,MEDIUM,13.97,13.97,13.97,20.955000000000002,20.955000000000002,20.955000000000002
E8612,CRITICAL,6.588333333333334,6.588333333333334,6.588333333333334,26.353333333333335,26.353333333333335,26.353333333333335
E9220,LOW,3.6383333333333336,3.6383333333333336,3.6383333333333336,3.6383333333333336,3.6383333333333336,3.6383333333333336
E8708,LOW,8.391666666666667,13.516666666666667,13.516666666666667,8.391666666666667,13.516666666666667,13.516666666666667
E9104,HIGH,9.0,9.0,9.0,22.5,22.5,22.5
E6606,CRITICAL,12.553333333333335,8.33,8.33,50.21333333333334,33.32,33.32
E1131,CRITICAL,4.738333333333333,4.738333333333333,4.738333333333333,18.953333333333333,18.953333333333333,18.953333333333333
E5375,HIGH,3.26,3.26,3.26,8.149999999999999,8.149999999999999,8.149999999999999
E7878,HIGH,11.793333333333333,11.793333333333333,11.793333333333333,29.483333333333334,29.483333333333334,29.483333333333334
E5542,HIGH,8.158333333333333,8.158333333333333,8.158333333333333,20.395833333333332,20.395833333333332,20.395833333333332
E2794,MEDIUM,10.268333333333334,10.268333333333334,10.268333333333334,15.402500000000002,15.402500000000002,15.402500000000002
E3858,LOW,11.585,11.585,11.585,11.585,11.585,11.585
E1308,HIGH,13.639999999999999,13.639999999999999,15.66,34.099999999999994,34.099999999999994,39.15
E1807,HIGH,11.139999999999999,11.139999999999999,6.078333333333333,27.849999999999998,27.849999999999998,15.195833333333333
E4988,CRITICAL,6.626666666666667,6.626666666666667,6.626666666666667,26.506666666666668,26.506666666666668,26.506666666666668
E4352,MEDIUM,8.698333333333332,8.698333333333332,10.491666666666667,13.0475,13.0475,15.7375
E9522,LOW,2.881666666666667,2.881666666666667,2.881666666666667,2.881666666666667,2.881666666666667,2.881666666666667
E2887,MEDIUM,18.73,18.73,16.595000000000002,28.095,28.095,24.892500000000005
E3046,MEDIUM,4.2283333333333335,4.2283333333333335,4.2283333333333335,6.3425,6.3425,6.3425
E5631,LOW,4.555000000000001,4.555000000000001,4.555000000000001,4.555000000000001,4.555000000000001,4.555000000000001
E1337,MEDIUM,9.275,9.275,9.275,13.912500000000001,13.912500000000001,13.912500000000001
E5693,LOW,6.505,8.08,6.505,6.505,8.08,6.505
E8149,LOW,4.41,8.211666666666666,4.41,4.41,8.211666666666666,4.41
E1108,HIGH,9.596666666666666,9.526666666666667,9.596666666666666,23.991666666666664,23.81666666666667,23.991666666666664
E5799,MEDIUM,9.376666666666667,16.231666666666666,9.376666666666667,14.065000000000001,24.347499999999997,14.065000000000001
E5580,HIGH,4.953333333333333,4.953333333333333,4.953333333333333,12.383333333333333,12.383333333333333,12.383333333333333
E4368,CRITICAL,14.228333333333333,12.161666666666667,14.228333333333333,56.913333333333334,48.64666666666667,56.913333333333334
E4532,CRITICAL,6.251666666666667,6.251666666666667,6.251666666666667,25.006666666666668,25.006666666666668,25.006666666666668
E7596,HIGH,6.821666666666667,9.406666666666666,6.821666666666667,17.054166666666667,23.516666666666666,17.054166666666667
E7585,CRITICAL,9.83,8.458333333333334,9.83,39.32,33.833333333333336,39.32
E2186,MEDIUM,14.086666666666668,14.748333333333333,15.881666666666666,21.130000000000003,22.1225,23.822499999999998
E3213,HIGH,12.82,8.115,8.115,32.05,20.2875,20.2875
E4638,MEDIUM,6.1850000000000005,8.898333333333333,6.1850000000000005,9.2775,13.3475,9.2775
E6388,MEDIUM,3.1966666666666668,3.1966666666666668,3.1966666666666668,4.795,4.795,4.795
E7939,CRITICAL,7.265,7.265,7.265,29.06,29.06,29.06
E6474,MEDIUM,12.791666666666666,12.791666666666666,12.791666666666666,19.1875,19.1875,19.1875
E2018,LOW,9.291666666666666,9.291666666666666,9.291666666666666,9.291666666666666,9.291666666666666,9.291666666666666
E1148,LOW,5.4816666666666665,10.321666666666665,10.321666666666665,5.4816666666666665,10.321666666666665,10.321666666666665
E7298,CRITICAL,15.121666666666666,8.78,8.78,60.486666666666665,35.12,35.12
E6540,LOW,8.57,11.778333333333334,11.778333333333334,8.57,11.778333333333334,11.778333333333334
E9340,HIGH,11.318333333333333,8.066666666666666,8.066666666666666,28.295833333333334,20.166666666666664,20.166666666666664
E1580,LOW,6.405,6.405,6.405,6.405,6.405,6.405
E3709,MEDIUM,16.26,22.80666666666667,22.80666666666667,24.39,34.21,34.21
E7797,CRITICAL,15.26,12.633333333333333,12.633333333333333,61.04,50.53333333333333,50.53333333333333
E7507,CRITICAL,8.206666666666667,8.206666666666667,8.206666666666667,32.82666666666667,32.82666666666667,32.82666666666667
E2871,CRITICAL,12.546666666666665,12.546666666666665,13.088333333333333,50.18666666666666,50.18666666666666,52.35333333333333
E2190,MEDIUM,12.370000000000001,12.370000000000001,12.370000000000001,18.555,18.555,18.555
E1119,CRITICAL,11.453333333333335,11.453333333333335,8.389999999999999,45.81333333333334,45.81333333333334,33.559999999999995
E4940,HIGH,4.323333333333333,11.921666666666665,11.921666666666665,10.808333333333334,29.804166666666664,29.804166666666664
E4165,CRITICAL,9.608333333333333,0.7666666666666667,0.7666666666666667,38.43333333333333,3.066666666666667,3.066666666666667
E1962,MEDIUM,3.5016666666666665,3.5016666666666665,3.5016666666666665,5.2524999999999995,5.2524999999999995,5.2524999999999995
E4507,HIGH,8.246666666666666,8.246666666666666,8.246666666666666,20.616666666666667,20.616666666666667,20.616666666666667
E6565,MEDIUM,15.860000000000001,16.256666666666668,16.256666666666668,23.790000000000003,24.385,24.385
E8157,HIGH,11.723333333333333,11.326666666666666,11.326666666666666,29.30833333333333,28.316666666666666,28.316666666666666
E9917,HIGH,4.471666666666667,4.471666666666667,4.471666666666667,11.179166666666667,11.179166666666667,11.179166666666667
E5568,LOW,5.705,5.705,5.705,5.705,5.705,5.705
E7360,CRITICAL,4.761666666666667,4.761666666666667,4.761666666666667,19.046666666666667,19.046666666666667,19.046666666666667
E2505,LOW,9.688333333333333,9.688333333333333,9.688333333333333,9.688333333333333,9.688333333333333,9.688333333333333
E8056,CRITICAL,8.306666666666667,8.306666666666667,8.306666666666667,33.22666666666667,33.22666666666667,33.22666666666667
E2850,LOW,6.991666666666666,6.991666666666666,6.991666666666666,6.991666666666666,6.991666666666666,6.991666666666666
E9874,LOW,15.99,15.99,16.33,15.99,15.99,16.33
E9042,CRITICAL,6.8966666666666665,6.8966666666666665,7.235,27.586666666666666,27.586666666666666,28.94
E9226,LOW,14.071666666666665,14.071666666666665,8.301666666666668,14.071666666666665,14.071666666666665,8.301666666666668
E3343,MEDIUM,12.235000000000001,12.235000000000001,13.558333333333334,18.352500000000003,18.352500000000003,20.3375
E4773,LOW,19.145,20.758333333333333,20.758333333333333,19.145,20.758333333333333,20.758333333333333
E2030,MEDIUM,18.273333333333333,16.66,13.81,27.41,24.990000000000002,20.715
E1925,CRITICAL,18.186666666666667,18.186666666666667,18.186666666666667,72.74666666666667,72.74666666666667,72.74666666666667
E7646,LOW,9.856666666666666,11.693333333333333,11.693333333333333,9.856666666666666,11.693333333333333,11.693333333333333
E7503,CRITICAL,22.51833333333333,21.134999999999998,21.134999999999998,90.07333333333332,84.53999999999999,84.53999999999999
E5728,CRITICAL,6.36,6.36,6.36,25.44,25.44,25.44
E6067,LOW,13.646666666666667,13.646666666666667,13.646666666666667,13.646666666666667,13.646666666666667,13.646666666666667
E9796,MEDIUM,2.2416666666666667,2.2416666666666667,2.2416666666666667,3.3625,3.3625,3.3625
E5777,HIGH,13.258333333333333,13.258333333333333,13.258333333333333,33.14583333333333,33.14583333333333,33.14583333333333
E5683,LOW,3.025,3.025,3.025,3.025,3.025,3.025
E5781,LOW,4.866666666666666,4.866666666666666,4.866666666666666,4.866666666666666,4.866666666666666,4.866666666666666
E3034,HIGH,15.661666666666667,15.661666666666667,15.661666666666667,39.15416666666667,39.15416666666667,39.15416666666667
E1034,LOW,8.455,8.455,8.455,8.455,8.455,8.455
E8852,MEDIUM,8.748333333333333,8.748333333333333,8.748333333333333,13.122499999999999,13.122499999999999,13.122499999999999
E8897,LOW,3.158333333333333,3.158333333333333,3.158333333333333,3.158333333333333,3.158333333333333,3.158333333333333
E9987,LOW,9.701666666666666,9.701666666666666,9.701666666666666,9.701666666666666,9.701666666666666,9.701666666666666
E3143,LOW,12.475,12.475,12.475,12.475,12.475,12.475
E5988,CRITICAL,3.94,3.94,6.1,15.76,15.76,24.4
E8658,CRITICAL,7.3116666666666665,7.3116666666666665,3.17,29.246666666666666,29.246666666666666,12.68
E2963,LOW,11.139999999999999,11.139999999999999,11.139999999999999,11.139999999999999,11.139999999999999,11.139999999999999
E7391,MEDIUM,6.8116666666666665,12.254999999999999,6.8116666666666665,10.2175,18.3825,10.2175
E8273,MEDIUM,1.8366666666666667,1.8366666666666667,1.8366666666666667,2.755,2.755,2.755
E2639,CRITICAL,12.598333333333333,11.925,12.598333333333333,50.39333333333333,47.7,50.39333333333333
E6265,CRITICAL,4.3516666666666675,4.3516666666666675,4.3516666666666675,17.40666666666667,17.40666666666667,17.40666666666667
E1275,CRITICAL,4.213333333333334,4.213333333333334,4.213333333333334,16.853333333333335,16.853333333333335,16.853333333333335
E8720,LOW,9.548333333333334,9.548333333333334,9.548333333333334,9.548333333333334,9.548333333333334,9.548333333333334
E6959,HIGH,6.465,6.465,6.465,16.1625,16.1625,16.1625
E8117,CRITICAL,3.7983333333333333,3.7983333333333333,3.7983333333333333,15.193333333333333,15.193333333333333,15.193333333333333
E8686,LOW,19.158333333333335,19.158333333333335,19.158333333333335,19.158333333333335,19.158333333333335,19.158333333333335
E3258,CRITICAL,6.6883333333333335,6.6883333333333335,6.6883333333333335,26.753333333333334,26.753333333333334,26.753333333333334
E3223,LOW,1.9166666666666667,1.9166666666666667,1.9166666666666667,1.9166666666666667,1.9166666666666667,1.9166666666666667
E2473,MEDIUM,4.576666666666667,4.576666666666667,4.576666666666667,6.865,6.865,6.865
E3402,LOW,4.3933333333333335,4.3933333333333335,4.3933333333333335,4.3933333333333335,4.3933333333333335,4.3933333333333335
E6321,LOW,4.37,4.37,4.37,4.37,4.37,4.37
E4511,CRITICAL,18.958333333333332,18.958333333333332,18.958333333333332,75.83333333333333,75.83333333333333,75.83333333333333
E7511,CRITICAL,14.913333333333332,14.913333333333332,14.913333333333332,59.65333333333333,59.65333333333333,59.65333333333333
E9724,CRITICAL,6.443333333333333,6.443333333333333,6.443333333333333,25.773333333333333,25.773333333333333,25.773333333333333
E9686,CRITICAL,1.3916666666666666,1.3916666666666666,1.3916666666666666,5.566666666666666,5.566666666666666,5.566666666666666
E2761,HIGH,8.84,8.84,8.84,22.1,22.1,22.1
E2344,MEDIUM,6.008333333333334,8.578333333333335,8.578333333333335,9.012500000000001,12.867500000000003,12.867500000000003
E2807,HIGH,12.354999999999999,9.785,9.785,30.887499999999996,24.4625,24.4625
E1720,CRITICAL,6.645,6.645,7.626666666666667,26.58,26.58,30.506666666666668
E3095,LOW,7.846666666666667,10.121666666666666,10.121666666666666,7.846666666666667,10.121666666666666,10.121666666666666
E6060,CRITICAL,17.801666666666666,15.526666666666667,14.545,71.20666666666666,62.10666666666667,58.18
E9798,CRITICAL,16.023333333333333,16.023333333333333,16.023333333333333,64.09333333333333,64.09333333333333,64.09333333333333
E2894,MEDIUM,21.790000000000003,21.790000000000003,21.790000000000003,32.685,32.685,32.685
E9820,HIGH,7.006666666666666,7.006666666666666,7.006666666666666,17.516666666666666,17.516666666666666,17.516666666666666
E5904,HIGH,5.5600000000000005,5.5600000000000005,5.5600000000000005,13.900000000000002,13.900000000000002,13.900000000000002
E4842,MEDIUM,18.740000000000002,18.740000000000002,18.740000000000002,28.110000000000003,28.110000000000003,28.110000000000003
E4199,MEDIUM,17.355,17.355,17.355,26.0325,26.0325,26.0325
E3136,CRITICAL,9.66,9.66,9.66,38.64,38.64,38.64
E5238,CRITICAL,6.1,6.1,6.1,24.4,24.4,24.4
E5590,LOW,6.325,6.325,6.325,6.325,6.325,6.325
E1351,LOW,10.229999999999999,10.229999999999999,10.229999999999999,10.229999999999999,10.229999999999999,10.229999999999999
E1114,HIGH,9.535,9.535,9.535,23.8375,23.8375,23.8375
E9516,MEDIUM,11.065,11.065,11.065,16.5975,16.5975,16.5975
E4649,MEDIUM,6.761666666666667,6.761666666666667,9.456666666666667,10.1425,10.1425,14.185
E3159,MEDIUM,9.860000000000001,9.860000000000001,7.165,14.790000000000003,14.790000000000003,10.7475
E8057,MEDIUM,6.533333333333333,6.533333333333333,6.533333333333333,9.8,9.8,9.8
E4748,CRITICAL,4.02,4.02,4.02,16.08,16.08,16.08
E7570,CRITICAL,4.803333333333333,4.803333333333333,4.803333333333333,19.21333333333333,19.21333333333333,19.21333333333333
E1506,LOW,17.398333333333333,17.398333333333333,17.398333333333333,17.398333333333333,17.398333333333333,17.398333333333333
E4075,LOW,8.056666666666667,8.056666666666667,8.056666666666667,8.056666666666667,8.056666666666667,8.056666666666667
E3215,HIGH,6.833333333333333,6.833333333333333,6.833333333333333,17.083333333333332,17.083333333333332,17.083333333333332
E7884,HIGH,7.206666666666666,7.206666666666666,7.206666666666666,18.016666666666666,18.016666666666666,18.016666666666666
E6320,MEDIUM,8.311666666666666,11.131666666666666,11.131666666666666,12.467499999999998,16.697499999999998,16.697499999999998
E2941,HIGH,11.276666666666667,7.4350000000000005,7.4350000000000005,28.19166666666667,18.587500000000002,18.587500000000002
E8126,HIGH,5.956666666666666,5.956666666666666,5.956666666666666,14.891666666666666,14.891666666666666,14.891666666666666
E2674,MEDIUM,9.623333333333333,9.623333333333333,9.623333333333333,14.434999999999999,14.434999999999999,14.434999999999999
E4154,CRITICAL,5.819999999999999,5.819999999999999,5.819999999999999,23.279999999999998,23.279999999999998,23.279999999999998
E6695,MEDIUM,8.061666666666666,8.061666666666666,8.061666666666666,12.092499999999998,12.092499999999998,12.092499999999998
E4317,MEDIUM,6.683333333333334,6.683333333333334,6.683333333333334,10.025,10.025,10.025
E1463,HIGH,9.748333333333333,9.748333333333333,9.748333333333333,24.370833333333334,24.370833333333334,24.370833333333334
E9890,LOW,4.133333333333334,4.133333333333334,4.133333333333334,4.133333333333334,4.133333333333334,4.133333333333334
E9939,MEDIUM,4.346666666666667,14.625,4.346666666666667,6.52,21.9375,6.52
E5010,HIGH,6.551666666666667,6.551666666666667,6.551666666666667,16.379166666666666,16.379166666666666,16.379166666666666
E1066,CRITICAL,9.863333333333333,8.285,9.863333333333333,39.45333333333333,33.14,39.45333333333333
E6444,CRITICAL,12.311666666666667,12.311666666666667,12.311666666666667,49.24666666666667,49.24666666666667,49.24666666666667
E4468,HIGH,11.606666666666666,11.606666666666666,11.606666666666666,29.016666666666666,29.016666666666666,29.016666666666666
E7463,LOW,9.866666666666667,9.866666666666667,9.866666666666667,9.866666666666667,9.866666666666667,9.866666666666667
E2976,HIGH,4.961666666666667,6.011666666666667,6.011666666666667,12.404166666666667,15.029166666666667,15.029166666666667
E4926,MEDIUM,10.254999999999999,10.254999999999999,10.254999999999999,15.382499999999999,15.382499999999999,15.382499999999999
E7662,CRITICAL,4.798333333333333,3.1266666666666665,3.1266666666666665,19.19333333333333,12.506666666666666,12.506666666666666
E9127,LOW,4.453333333333333,4.453333333333333,4.453333333333333,4.453333333333333,4.453333333333333,4.453333333333333
E5897,LOW,5.72,5.72,5.72,5.72,5.72,5.72
E6235,CRITICAL,8.693333333333333,8.693333333333333,8.693333333333333,34.77333333333333,34.77333333333333,34.77333333333333
E8737,HIGH,10.246666666666666,10.246666666666666,10.246666666666666,25.616666666666667,25.616666666666667,25.616666666666667
E1813,HIGH,4.605,4.605,4.605,11.512500000000001,11.512500000000001,11.512500000000001
E5495,LOW,7.783333333333333,7.783333333333333,7.783333333333333,7.783333333333333,7.783333333333333,7.783333333333333
E8071,LOW,12.581666666666667,13.35,13.35,12.581666666666667,13.35,13.35
E4199,HIGH,1.9416666666666667,1.9416666666666667,1.9416666666666667,4.854166666666667,4.854166666666667,4.854166666666667
E5166,HIGH,9.110000000000001,6.425,6.425,22.775000000000002,16.0625,16.0625
E3609,HIGH,11.293333333333333,11.293333333333333,11.293333333333333,28.233333333333334,28.233333333333334,28.233333333333334
E1046,MEDIUM,9.538333333333332,9.538333333333332,9.538333333333332,14.307499999999997,14.307499999999997,14.307499999999997
E4528,MEDIUM,18.745,18.745,18.745,28.1175,28.1175,28.1175
E1544,HIGH,3.8466666666666667,3.8466666666666667,3.8466666666666667,9.616666666666667,9.616666666666667,9.616666666666667
E8723,MEDIUM,12.708333333333334,12.708333333333334,12.708333333333334,19.0625,19.0625,19.0625
E8190,LOW,15.97,15.97,15.97,15.97,15.97,15.97
E4655,MEDIUM,12.516666666666667,15.736666666666668,15.736666666666668,18.775000000000002,23.605000000000004,23.605000000000004
E9615,HIGH,14.868333333333334,10.953333333333335,10.953333333333335,37.170833333333334,27.383333333333336,27.383333333333336
E9962,LOW,4.698333333333333,4.698333333333333,4.698333333333333,4.698333333333333,4.698333333333333,4.698333333333333
E3816,LOW,9.841666666666667,9.841666666666667,9.841666666666667,9.841666666666667,9.841666666666667,9.841666666666667
E2763,CRITICAL,7.5616666666666665,7.5616666666666665,7.5616666666666665,30.246666666666666,30.246666666666666,30.246666666666666
E5023,LOW,5.433333333333334,5.433333333333334,5.433333333333334,5.433333333333334,5.433333333333334,5.433333333333334
E3422,HIGH,4.323333333333333,4.323333333333333,4.323333333333333,10.808333333333334,10.808333333333334,10.808333333333334
E7068,HIGH,2.618333333333333,2.618333333333333,2.618333333333333,6.5458333333333325,6.5458333333333325,6.5458333333333325
E1061,MEDIUM,13.45,13.45,13.45,20.174999999999997,20.174999999999997,20.174999999999997
E9516,HIGH,3.8383333333333334,3.8383333333333334,5.510000000000001,9.595833333333333,9.595833333333333,13.775000000000002
E8323,HIGH,15.218333333333334,15.218333333333334,10.098333333333333,38.045833333333334,38.045833333333334,25.24583333333333
E8756,MEDIUM,14.555,14.555,14.555,21.8325,21.8325,21.8325
E9419,HIGH,4.295,4.295,4.295,10.7375,10.7375,10.7375
E5728,MEDIUM,9.691666666666666,9.691666666666666,19.388333333333332,14.5375,14.5375,29.082499999999996
E8956,MEDIUM,16.695,16.695,6.998333333333333,25.0425,25.0425,10.497499999999999
E1861,HIGH,12.946666666666665,12.946666666666665,15.928333333333335,32.36666666666666,32.36666666666666,39.82083333333334
E9563,HIGH,11.833333333333334,11.833333333333334,8.851666666666667,29.583333333333336,29.583333333333336,22.129166666666666
E3742,CRITICAL,17.016666666666666,17.016666666666666,17.016666666666666,68.06666666666666,68.06666666666666,68.06666666666666
E6777,CRITICAL,8.203333333333333,8.203333333333333,8.203333333333333,32.81333333333333,32.81333333333333,32.81333333333333
E1714,HIGH,7.13,7.13,7.13,17.825,17.825,17.825
E2233,CRITICAL,7.15,7.15,7.15,28.6,28.6,28.6
E9756,MEDIUM,15.558333333333334,15.558333333333334,15.558333333333334,23.3375,23.3375,23.3375
E8673,LOW,8.961666666666668,8.961666666666668,8.961666666666668,8.961666666666668,8.961666666666668,8.961666666666668
E6289,LOW,11.889999999999999,11.889999999999999,11.889999999999999,11.889999999999999,11.889999999999999,11.889999999999999
E1047,CRITICAL,9.571666666666665,9.571666666666665,9.571666666666665,38.28666666666666,38.28666666666666,38.28666666666666
E8293,MEDIUM,4.988333333333333,4.988333333333333,6.635000000000001,7.4825,7.4825,9.9525
E8931,MEDIUM,16.116666666666667,16.116666666666667,12.171666666666665,24.175,24.175,18.257499999999997
E5351,MEDIUM,3.6683333333333334,10.628333333333334,3.6683333333333334,5.5025,15.9425,5.5025
E5502,MEDIUM,9.69,11.943333333333333,9.69,14.535,17.915,14.535
E4612,HIGH,8.238333333333333,5.198333333333333,8.238333333333333,20.59583333333333,12.995833333333334,20.59583333333333
E4619,LOW,8.596666666666666,8.596666666666666,8.596666666666666,8.596666666666666,8.596666666666666,8.596666666666666
E8870,LOW,12.213333333333333,12.213333333333333,12.44,12.213333333333333,12.213333333333333,12.44
E1042,LOW,6.765,6.765,3.2083333333333335,6.765,6.765,3.2083333333333335
E4714,CRITICAL,7.086666666666667,7.086666666666667,7.086666666666667,28.346666666666668,28.346666666666668,28.346666666666668
E7537,CRITICAL,5.6033333333333335,5.6033333333333335,5.6033333333333335,22.413333333333334,22.413333333333334,22.413333333333334
E4510,MEDIUM,10.725,10.725,10.725,16.0875,16.0875,16.0875
E5376,MEDIUM,3.24,3.24,3.24,4.86,4.86,4.86
E9180,HIGH,12.828333333333335,12.828333333333335,13.286666666666667,32.07083333333334,32.07083333333334,33.21666666666667
E4403,HIGH,5.298333333333333,5.298333333333333,4.613333333333333,13.245833333333332,13.245833333333332,11.533333333333333
E4049,MEDIUM,7.383333333333334,7.383333333333334,7.383333333333334,11.075000000000001,11.075000000000001,11.075000000000001
E2313,LOW,8.708333333333334,8.708333333333334,8.708333333333334,8.708333333333334,8.708333333333334,8.708333333333334
E7020,LOW,7.863333333333333,7.863333333333333,7.863333333333333,7.863333333333333,7.863333333333333,7.863333333333333
E7052,HIGH,3.7333333333333334,13.681666666666667,3.7333333333333334,9.333333333333334,34.204166666666666,9.333333333333334
E9123,CRITICAL,7.201666666666667,7.201666666666667,10.526666666666667,28.80666666666667,28.80666666666667,42.10666666666667
E4304,CRITICAL,8.346666666666668,6.1033333333333335,2.0166666666666666,33.38666666666667,24.413333333333334,8.066666666666666
E7104,CRITICAL,11.646666666666667,11.646666666666667,11.781666666666666,46.586666666666666,46.586666666666666,47.126666666666665
E8367,LOW,19.601666666666667,19.601666666666667,21.236666666666668,19.601666666666667,19.601666666666667,21.236666666666668
E9121,CRITICAL,7.33,7.33,3.8233333333333333,29.32,29.32,15.293333333333333
E5996,HIGH,13.185,13.185,13.408333333333333,32.9625,32.9625,33.520833333333336
E4329,CRITICAL,3.1516666666666664,3.1516666666666664,3.1516666666666664,12.606666666666666,12.606666666666666,12.606666666666666
E2992,HIGH,15.553333333333335,15.553333333333335,13.078333333333335,38.88333333333334,38.88333333333334,32.69583333333334
E8263,CRITICAL,5.831666666666666,5.831666666666666,5.831666666666666,23.326666666666664,23.326666666666664,23.326666666666664
E2947,MEDIUM,8.523333333333333,8.523333333333333,9.835,12.785,12.785,14.752500000000001
E8143,LOW,9.031666666666666,9.031666666666666,2.2516666666666665,9.031666666666666,9.031666666666666,2.2516666666666665
E9341,LOW,7.98,18.871666666666666,18.871666666666666,7.98,18.871666666666666,18.871666666666666
E9096,HIGH,18.191666666666666,8.393333333333334,8.393333333333334,45.479166666666664,20.983333333333334,20.983333333333334
E2908,HIGH,16.846666666666668,16.846666666666668,16.846666666666668,42.11666666666667,42.11666666666667,42.11666666666667
E6427,CRITICAL,0.5983333333333333,0.5983333333333333,0.5983333333333333,2.393333333333333,2.393333333333333,2.393333333333333
E6396,MEDIUM,1.585,1.585,1.585,2.3775,2.3775,2.3775
E1300,LOW,7.65,7.65,7.65,7.65,7.65,7.65
E7596,MEDIUM,7.405,7.405,7.67,11.1075,11.1075,11.504999999999999
E9204,HIGH,8.815,8.815,8.815,22.037499999999998,22.037499999999998,22.037499999999998
E6788,LOW,16.508333333333333,16.508333333333333,6.495,16.508333333333333,16.508333333333333,6.495
E7215,MEDIUM,8.398333333333333,10.363333333333333,10.363333333333333,12.5975,15.545,15.545
E9557,HIGH,9.606666666666666,6.87,6.87,24.016666666666666,17.175,17.175
E5058,HIGH,7.635000000000001,7.635000000000001,7.635000000000001,19.087500000000002,19.087500000000002,19.087500000000002
E6493,CRITICAL,9.588333333333333,9.588333333333333,9.588333333333333,38.35333333333333,38.35333333333333,38.35333333333333
E3907,HIGH,7.763333333333334,8.625,8.625,19.408333333333335,21.5625,21.5625
E9931,CRITICAL,6.8100000000000005,5.948333333333333,5.948333333333333,27.240000000000002,23.793333333333333,23.793333333333333
E9862,MEDIUM,12.75,12.966666666666667,12.966666666666667,19.125,19.45,19.45
E5132,HIGH,6.201666666666667,4.263333333333334,4.263333333333334,15.504166666666668,10.658333333333335,10.658333333333335
E6358,LOW,5.545,5.545,5.545,5.545,5.545,5.545
E1663,LOW,9.575,9.575,9.575,9.575,9.575,9.575
E2542,HIGH,3.493333333333333,3.493333333333333,3.493333333333333,8.733333333333333,8.733333333333333,8.733333333333333
E3179,HIGH,1.1983333333333335,1.1983333333333335,1.1983333333333335,2.9958333333333336,2.9958333333333336,2.9958333333333336
E1965,HIGH,10.908333333333333,16.608333333333334,16.608333333333334,27.270833333333332,41.520833333333336,41.520833333333336
E9060,HIGH,25.445,26.148333333333333,15.588333333333333,63.6125,65.37083333333334,38.97083333333333
E6505,CRITICAL,20.53166666666667,17.991666666666667,20.53166666666667,82.12666666666668,71.96666666666667,82.12666666666668
E5415,CRITICAL,4.295,4.295,4.295,17.18,17.18,17.18
E7207,CRITICAL,7.915,7.915,7.915,31.66,31.66,31.66
E9907,HIGH,7.17,7.17,7.17,17.925,17.925,17.925
E3654,MEDIUM,6.836666666666667,6.836666666666667,6.836666666666667,10.255,10.255,10.255
E3262,MEDIUM,3.06,3.06,3.06,4.59,4.59,4.59
E2146,LOW,6.133333333333334,6.133333333333334,6.133333333333334,6.133333333333334,6.133333333333334,6.133333333333334
E6196,LOW,10.173333333333334,10.173333333333334,10.173333333333334,10.173333333333334,10.173333333333334,10.173333333333334
E2553,LOW,13.021666666666667,15.446666666666665,15.446666666666665,13.021666666666667,15.446666666666665,15.446666666666665
E9588,CRITICAL,9.256666666666666,8.565,8.565,37.026666666666664,34.26,34.26
E6695,LOW,4.208333333333333,4.208333333333333,4.208333333333333,4.208333333333333,4.208333333333333,4.208333333333333
E4352,LOW,5.968333333333334,5.968333333333334,5.968333333333334,5.968333333333334,5.968333333333334,5.968333333333334
E9046,HIGH,6.751666666666667,6.751666666666667,6.751666666666667,16.879166666666666,16.879166666666666,16.879166666666666
E3725,HIGH,8.598333333333333,8.598333333333333,8.598333333333333,21.49583333333333,21.49583333333333,21.49583333333333
E7579,LOW,4.5,4.5,4.5,4.5,4.5,4.5
E7949,LOW,10.213333333333333,10.213333333333333,10.213333333333333,10.213333333333333,10.213333333333333,10.213333333333333
E2083,HIGH,5.916666666666667,5.916666666666667,5.916666666666667,14.791666666666668,14.791666666666668,14.791666666666668
E4163,CRITICAL,5.833333333333333,5.833333333333333,11.361666666666668,23.333333333333332,23.333333333333332,45.44666666666667
E1784,CRITICAL,13.270000000000001,13.270000000000001,2.3483333333333336,53.080000000000005,53.080000000000005,9.393333333333334
E5510,MEDIUM,8.436666666666666,8.498333333333333,8.498333333333333,12.654999999999998,12.747499999999999,12.747499999999999
E7546,HIGH,4.306666666666667,4.306666666666667,4.306666666666667,10.766666666666666,10.766666666666666,10.766666666666666
E4744,HIGH,5.868333333333334,5.806666666666667,5.806666666666667,14.670833333333334,14.516666666666666,14.516666666666666
E8191,LOW,7.825,7.825,7.825,7.825,7.825,7.825
E5494,MEDIUM,2.9683333333333333,2.9683333333333333,2.9683333333333333,4.4525,4.4525,4.4525
E9786,HIGH,7.0233333333333325,7.0233333333333325,7.0233333333333325,17.55833333333333,17.55833333333333,17.55833333333333
E3957,MEDIUM,12.905,12.905,14.838333333333333,19.357499999999998,19.357499999999998,22.2575
E7864,LOW,12.615,15.681666666666667,12.066666666666666,12.615,15.681666666666667,12.066666666666666
E1405,HIGH,11.385,10.096666666666666,10.096666666666666,28.4625,25.241666666666664,25.241666666666664
E9077,HIGH,8.945,8.945,8.945,22.3625,22.3625,22.3625
E7578,HIGH,8.51,8.51,8.51,21.275,21.275,21.275
E9538,HIGH,5.866666666666666,5.866666666666666,5.866666666666666,14.666666666666666,14.666666666666666,14.666666666666666
E9497,CRITICAL,6.973333333333333,6.973333333333333,6.973333333333333,27.89333333333333,27.89333333333333,27.89333333333333
E5324,CRITICAL,7.08,7.08,7.08,28.32,28.32,28.32
E4875,HIGH,16.898333333333333,16.898333333333333,16.898333333333333,42.24583333333334,42.24583333333334,42.24583333333334
E1824,LOW,12.01,12.028333333333334,12.028333333333334,12.01,12.028333333333334,12.028333333333334
E3245,LOW,9.993333333333334,15.453333333333335,15.453333333333335,9.993333333333334,15.453333333333335,15.453333333333335
E8855,MEDIUM,18.705,9.383333333333333,9.383333333333333,28.057499999999997,14.075,14.075
E2708,CRITICAL,5.725,5.725,5.725,22.9,22.9,22.9
E7884,MEDIUM,12.976666666666667,12.976666666666667,12.976666666666667,19.465,19.465,19.465
E6572,HIGH,6.73,6.73,6.73,16.825000000000003,16.825000000000003,16.825000000000003
E3006,HIGH,1.4066666666666667,1.4066666666666667,1.4066666666666667,3.5166666666666666,3.5166666666666666,3.5166666666666666
E3953,HIGH,3.85,3.85,4.203333333333333,9.625,9.625,10.508333333333333
E9577,MEDIUM,10.586666666666668,10.586666666666668,7.816666666666666,15.880000000000003,15.880000000000003,11.725
E6594,CRITICAL,2.625,2.625,2.625,10.5,10.5,10.5
E2229,MEDIUM,7.333333333333333,7.333333333333333,7.333333333333333,11.0,11.0,11.0
E9903,LOW,10.455,10.455,10.455,10.455,10.455,10.455
E2197,HIGH,5.875,10.168333333333333,10.168333333333333,14.6875,25.420833333333334,25.420833333333334
E2854,CRITICAL,8.156666666666666,4.115,4.115,32.626666666666665,16.46,16.46
E5262,LOW,6.461666666666667,6.461666666666667,6.461666666666667,6.461666666666667,6.461666666666667,6.461666666666667
E7232,CRITICAL,6.375,6.375,6.375,25.5,25.5,25.5
E6015,LOW,15.063333333333333,17.918333333333333,17.918333333333333,15.063333333333333,17.918333333333333,17.918333333333333
E3362,HIGH,11.646666666666667,8.791666666666666,8.791666666666666,29.116666666666667,21.979166666666664,21.979166666666664
E9769,MEDIUM,4.873333333333333,5.8566666666666665,5.8566666666666665,7.31,8.785,8.785
E4113,HIGH,7.451666666666667,6.608333333333333,7.451666666666667,18.629166666666666,16.520833333333332,18.629166666666666
E6087,MEDIUM,13.853333333333333,13.853333333333333,8.078333333333333,20.78,20.78,12.1175
E7232,CRITICAL,6.886666666666667,6.886666666666667,6.886666666666667,27.546666666666667,27.546666666666667,27.546666666666667
E7867,HIGH,5.255,5.255,5.255,13.1375,13.1375,13.1375
E2412,CRITICAL,6.913333333333333,6.913333333333333,6.913333333333333,27.653333333333332,27.653333333333332,27.653333333333332
E3123,CRITICAL,7.408333333333333,7.408333333333333,10.895000000000001,29.633333333333333,29.633333333333333,43.580000000000005
E7448,MEDIUM,17.334999999999997,17.334999999999997,18.038333333333334,26.002499999999998,26.002499999999998,27.0575
E7539,MEDIUM,15.293333333333333,15.293333333333333,4.761666666666667,22.939999999999998,22.939999999999998,7.1425
E6239,CRITICAL,1.2233333333333334,1.2233333333333334,1.2233333333333334,4.8933333333333335,4.8933333333333335,4.8933333333333335
E6074,LOW,18.426666666666666,20.448333333333334,20.448333333333334,18.426666666666666,20.448333333333334,20.448333333333334
E4768,CRITICAL,12.655,10.01,10.01,50.62,40.04,40.04
E5935,MEDIUM,7.22,15.788333333333332,15.788333333333332,10.83,23.682499999999997,23.682499999999997
E2991,CRITICAL,16.673333333333332,14.356666666666666,16.673333333333332,66.69333333333333,57.42666666666666,66.69333333333333
E5930,HIGH,16.096666666666668,13.108333333333333,4.943333333333333,40.24166666666667,32.77083333333333,12.358333333333334
E1688,LOW,7.673333333333333,7.673333333333333,8.833333333333334,7.673333333333333,7.673333333333333,8.833333333333334
E5078,LOW,7.0633333333333335,7.0633333333333335,5.788333333333333,7.0633333333333335,7.0633333333333335,5.788333333333333
E9439,LOW,6.1,6.1,6.1,6.1,6.1,6.1
E3397,HIGH,17.063333333333333,17.063333333333333,17.171666666666667,42.65833333333333,42.65833333333333,42.92916666666667
E5372,MEDIUM,3.8316666666666666,3.8316666666666666,3.8316666666666666,5.7475,5.7475,5.7475
E8314,MEDIUM,10.033333333333333,10.033333333333333,7.395,15.05,15.05,11.0925
E8327,LOW,8.021666666666667,8.295,8.295,8.021666666666667,8.295,8.295
E9862,CRITICAL,8.251666666666667,7.9783333333333335,7.9783333333333335,33.00666666666667,31.913333333333334,31.913333333333334
E7358,MEDIUM,3.271666666666667,3.271666666666667,3.271666666666667,4.907500000000001,4.907500000000001,4.907500000000001
E6873,LOW,8.956666666666667,8.956666666666667,8.956666666666667,8.956666666666667,8.956666666666667,8.956666666666667
E2752,LOW,10.596666666666666,10.596666666666666,10.596666666666666,10.596666666666666,10.596666666666666,10.596666666666666
E8515,LOW,8.66,8.66,8.66,8.66,8.66,8.66
E7330,LOW,7.473333333333333,7.473333333333333,7.473333333333333,7.473333333333333,7.473333333333333,7.473333333333333
E8702,CRITICAL,4.108333333333333,4.108333333333333,4.108333333333333,16.433333333333334,16.433333333333334,16.433333333333334
E8393,MEDIUM,6.716666666666667,6.716666666666667,6.716666666666667,10.075,10.075,10.075
E1017,CRITICAL,5.463333333333334,5.463333333333334,5.463333333333334,21.853333333333335,21.853333333333335,21.853333333333335
E7603,LOW,6.753333333333333,6.753333333333333,6.753333333333333,6.753333333333333,6.753333333333333,6.753333333333333
E2728,LOW,9.936666666666667,9.936666666666667,9.936666666666667,9.936666666666667,9.936666666666667,9.936666666666667
E9365,LOW,6.078333333333333,6.078333333333333,6.078333333333333,6.078333333333333,6.078333333333333,6.078333333333333
E1000,LOW,6.97,6.97,6.97,6.97,6.97,6.97
E8443,LOW,9.693333333333333,9.693333333333333,9.693333333333333,9.693333333333333,9.693333333333333,9.693333333333333
E9426,CRITICAL,9.711666666666668,9.711666666666668,9.711666666666668,38.84666666666667,38.84666666666667,38.84666666666667
E6282,LOW,13.541666666666666,15.085,15.085,13.541666666666666,15.085,15.085
E7836,MEDIUM,14.688333333333333,13.145000000000001,13.145000000000001,22.0325,19.7175,19.7175
E1924,HIGH,9.05,9.05,9.05,22.625,22.625,22.625
E4997,LOW,6.671666666666667,6.671666666666667,6.671666666666667,6.671666666666667,6.671666666666667,6.671666666666667
E7575,HIGH,11.496666666666666,11.496666666666666,11.496666666666666,28.741666666666667,28.741666666666667,28.741666666666667
